patient,slice_idx
Patient_01,0
Patient_01,1
Patient_01,2
Patient_01,3
Patient_01,4
Patient_01,5
Patient_01,6
Patient_01,7
Patient_01,8
Patient_01,9
Patient_01,10
Patient_01,11
Patient_01,12
Patient_01,13
Patient_01,14
Patient_01,15
Patient_01,16
Patient_01,17
Patient_01,18
Patient_01,19
Patient_01,20
Patient_01,21
Patient_01,22
Patient_01,23
Patient_01,24
Patient_01,25
Patient_01,26
Patient_01,27
Patient_01,28
Patient_01,29
Patient_01,30
Patient_01,31
Patient_01,32
Patient_01,33
Patient_01,34
Patient_01,35
Patient_01,36
Patient_01,37
Patient_01,38
Patient_01,39
Patient_01,40
Patient_01,41
Patient_01,42
Patient_01,43
Patient_01,44
Patient_01,45
Patient_01,46
Patient_01,47
Patient_01,48
Patient_01,49
Patient_01,50
Patient_01,51
Patient_01,52
Patient_01,53
Patient_01,54
Patient_01,55
Patient_01,56
Patient_01,57
Patient_01,58
Patient_01,59
Patient_01,60
Patient_01,61
Patient_01,62
Patient_01,63
Patient_01,64
Patient_01,65
Patient_01,66
Patient_01,67
Patient_01,68
Patient_01,69
Patient_01,70
Patient_01,71
Patient_01,72
Patient_01,73
Patient_01,74
Patient_01,75
Patient_01,76
Patient_01,77
Patient_01,78
Patient_01,79
Patient_01,80
Patient_01,81
Patient_01,82
Patient_01,83
Patient_01,84
Patient_01,85
Patient_01,86
Patient_01,87
Patient_01,88
Patient_01,89
Patient_01,90
Patient_01,91
Patient_01,92
Patient_01,93
Patient_01,94
Patient_01,95
Patient_01,96
Patient_01,97
Patient_01,98
Patient_01,99
Patient_01,100
Patient_01,101
Patient_01,102
Patient_01,103
Patient_01,104
Patient_01,105
Patient_01,106
Patient_01,107
Patient_01,108
Patient_01,109
Patient_01,110
Patient_01,111
Patient_01,112
Patient_01,113
Patient_01,114
Patient_01,115
Patient_01,116
Patient_01,117
Patient_01,118
Patient_01,119
Patient_01,120
Patient_01,121
Patient_01,122
Patient_01,123
Patient_01,124
Patient_01,125
Patient_01,126
Patient_01,127
Patient_01,128
Patient_01,129
Patient_01,130
Patient_01,131
Patient_01,132
Patient_01,133
Patient_01,134
Patient_01,135
Patient_01,136
Patient_01,137
Patient_01,138
Patient_01,139
Patient_01,140
Patient_01,141
Patient_01,142
Patient_01,143
Patient_01,144
Patient_01,145
Patient_01,146
Patient_01,147
Patient_01,148
Patient_01,149
Patient_01,150
Patient_01,151
Patient_01,152
Patient_01,153
Patient_01,154
Patient_01,155
Patient_01,156
Patient_01,157
Patient_01,158
Patient_01,159
Patient_01,160
Patient_01,161
Patient_01,162
Patient_01,163
Patient_01,164
Patient_01,165
Patient_01,166
Patient_01,167
Patient_01,168
Patient_01,169
Patient_01,170
Patient_01,171
Patient_01,172
Patient_01,173
Patient_01,174
Patient_01,175
Patient_01,176
Patient_01,177
Patient_01,178
Patient_01,179
Patient_01,180
Patient_01,181
Patient_01,182
Patient_01,183
Patient_01,184
Patient_01,185
Patient_01,186
Patient_01,187
Patient_01,188
Patient_01,189
Patient_01,190
Patient_01,191
Patient_01,192
Patient_01,193
Patient_01,194
Patient_01,195
Patient_01,196
Patient_01,197
Patient_01,198
Patient_01,199
Patient_01,200
Patient_01,201
Patient_01,202
Patient_01,203
Patient_01,204
Patient_01,205
Patient_01,206
Patient_01,207
Patient_01,208
Patient_01,209
Patient_01,210
Patient_01,211
Patient_01,212
Patient_01,213
Patient_01,214
Patient_01,215
Patient_01,216
Patient_01,217
Patient_01,218
Patient_01,219
Patient_01,220
Patient_01,221
Patient_01,222
Patient_01,223
Patient_01,224
Patient_01,225
Patient_01,226
Patient_01,227
Patient_01,228
Patient_02,0
Patient_02,1
Patient_02,2
Patient_02,3
Patient_02,4
Patient_02,5
Patient_02,6
Patient_02,7
Patient_02,8
Patient_02,9
Patient_02,10
Patient_02,11
Patient_02,12
Patient_02,13
Patient_02,14
Patient_02,15
Patient_02,16
Patient_02,17
Patient_02,18
Patient_02,19
Patient_02,20
Patient_02,21
Patient_02,22
Patient_02,23
Patient_02,24
Patient_02,25
Patient_02,26
Patient_02,27
Patient_02,28
Patient_02,29
Patient_02,30
Patient_02,31
Patient_02,32
Patient_02,33
Patient_02,34
Patient_02,35
Patient_02,36
Patient_02,37
Patient_02,38
Patient_02,39
Patient_02,40
Patient_02,41
Patient_02,42
Patient_02,43
Patient_02,44
Patient_02,45
Patient_02,46
Patient_02,47
Patient_02,48
Patient_02,49
Patient_02,50
Patient_02,51
Patient_02,52
Patient_02,53
Patient_02,54
Patient_02,55
Patient_02,56
Patient_02,57
Patient_02,58
Patient_02,59
Patient_02,60
Patient_02,61
Patient_02,62
Patient_02,63
Patient_02,64
Patient_02,65
Patient_02,66
Patient_02,67
Patient_02,68
Patient_02,69
Patient_02,70
Patient_02,71
Patient_02,72
Patient_02,73
Patient_02,74
Patient_02,75
Patient_02,76
Patient_02,77
Patient_02,78
Patient_02,79
Patient_02,80
Patient_02,81
Patient_02,82
Patient_02,83
Patient_02,84
Patient_02,85
Patient_02,86
Patient_02,87
Patient_02,88
Patient_02,89
Patient_02,90
Patient_02,91
Patient_02,92
Patient_02,93
Patient_02,94
Patient_02,95
Patient_02,96
Patient_02,97
Patient_02,98
Patient_02,99
Patient_02,100
Patient_02,101
Patient_02,102
Patient_02,103
Patient_02,104
Patient_02,105
Patient_02,106
Patient_02,107
Patient_02,108
Patient_02,109
Patient_02,110
Patient_02,111
Patient_02,112
Patient_02,113
Patient_02,114
Patient_02,115
Patient_02,116
Patient_02,117
Patient_02,118
Patient_02,119
Patient_02,120
Patient_02,121
Patient_02,122
Patient_02,123
Patient_02,124
Patient_02,125
Patient_02,126
Patient_02,127
Patient_02,128
Patient_02,129
Patient_02,130
Patient_02,131
Patient_02,132
Patient_02,133
Patient_02,134
Patient_02,135
Patient_02,136
Patient_02,137
Patient_02,138
Patient_02,139
Patient_02,140
Patient_02,141
Patient_02,142
Patient_02,143
Patient_02,144
Patient_02,145
Patient_02,146
Patient_02,147
Patient_02,148
Patient_02,149
Patient_02,150
Patient_02,151
Patient_02,152
Patient_02,153
Patient_02,154
Patient_02,155
Patient_02,156
Patient_02,157
Patient_02,158
Patient_02,159
Patient_02,160
Patient_02,161
Patient_02,162
Patient_02,163
Patient_02,164
Patient_02,165
Patient_02,166
Patient_02,167
Patient_02,168
Patient_02,169
Patient_02,170
Patient_02,171
Patient_02,172
Patient_02,173
Patient_02,174
Patient_02,175
Patient_02,176
Patient_02,177
Patient_02,178
Patient_02,179
Patient_02,180
Patient_02,181
Patient_02,182
Patient_02,183
Patient_02,184
Patient_02,185
Patient_02,186
Patient_02,187
Patient_02,188
Patient_02,189
Patient_02,190
Patient_02,191
Patient_02,192
Patient_02,193
Patient_02,194
Patient_02,195
Patient_02,196
Patient_02,197
Patient_02,198
Patient_02,199
Patient_02,200
Patient_02,201
Patient_02,202
Patient_02,203
Patient_02,204
Patient_02,205
Patient_02,206
Patient_02,207
Patient_02,208
Patient_02,209
Patient_02,210
Patient_02,211
Patient_02,212
Patient_02,213
Patient_02,214
Patient_02,215
Patient_02,216
Patient_02,217
Patient_02,218
Patient_02,219
Patient_02,220
Patient_02,221
Patient_02,222
Patient_02,223
Patient_02,224
Patient_02,225
Patient_02,226
Patient_02,227
Patient_02,228
Patient_02,229
Patient_02,230
Patient_02,231
Patient_02,232
Patient_02,233
Patient_02,234
Patient_02,235
Patient_02,236
Patient_02,237
Patient_02,238
Patient_02,239
Patient_02,240
Patient_02,241
Patient_02,242
Patient_02,243
Patient_02,244
Patient_02,245
Patient_03,0
Patient_03,1
Patient_03,2
Patient_03,3
Patient_03,4
Patient_03,5
Patient_03,6
Patient_03,7
Patient_03,8
Patient_03,9
Patient_03,10
Patient_03,11
Patient_03,12
Patient_03,13
Patient_03,14
Patient_03,15
Patient_03,16
Patient_03,17
Patient_03,18
Patient_03,19
Patient_03,20
Patient_03,21
Patient_03,22
Patient_03,23
Patient_03,24
Patient_03,25
Patient_03,26
Patient_03,27
Patient_03,28
Patient_03,29
Patient_03,30
Patient_03,31
Patient_03,32
Patient_03,33
Patient_03,34
Patient_03,35
Patient_03,36
Patient_03,37
Patient_03,38
Patient_03,39
Patient_03,40
Patient_03,41
Patient_03,42
Patient_03,43
Patient_03,44
Patient_03,45
Patient_03,46
Patient_03,47
Patient_03,48
Patient_03,49
Patient_03,50
Patient_03,51
Patient_03,52
Patient_03,53
Patient_03,54
Patient_03,55
Patient_03,56
Patient_03,57
Patient_03,58
Patient_03,59
Patient_03,60
Patient_03,61
Patient_03,62
Patient_03,63
Patient_03,64
Patient_03,65
Patient_03,66
Patient_03,67
Patient_03,68
Patient_03,69
Patient_03,70
Patient_03,71
Patient_03,72
Patient_03,73
Patient_03,74
Patient_03,75
Patient_03,76
Patient_03,77
Patient_03,78
Patient_03,79
Patient_03,80
Patient_03,81
Patient_03,82
Patient_03,83
Patient_03,84
Patient_03,85
Patient_03,86
Patient_03,87
Patient_03,88
Patient_03,89
Patient_03,90
Patient_03,91
Patient_03,92
Patient_03,93
Patient_03,94
Patient_03,95
Patient_03,96
Patient_03,97
Patient_03,98
Patient_03,99
Patient_03,100
Patient_03,101
Patient_03,102
Patient_03,103
Patient_03,104
Patient_03,105
Patient_03,106
Patient_03,107
Patient_03,108
Patient_03,109
Patient_03,110
Patient_03,111
Patient_03,112
Patient_03,113
Patient_03,114
Patient_03,115
Patient_03,116
Patient_03,117
Patient_03,118
Patient_03,119
Patient_03,120
Patient_03,121
Patient_03,122
Patient_03,123
Patient_03,124
Patient_03,125
Patient_03,126
Patient_03,127
Patient_03,128
Patient_03,129
Patient_03,130
Patient_03,131
Patient_03,132
Patient_03,133
Patient_03,134
Patient_03,135
Patient_03,136
Patient_03,137
Patient_03,138
Patient_03,139
Patient_03,140
Patient_03,141
Patient_03,142
Patient_03,143
Patient_03,144
Patient_03,145
Patient_03,146
Patient_04,0
Patient_04,1
Patient_04,2
Patient_04,3
Patient_04,4
Patient_04,5
Patient_04,6
Patient_04,7
Patient_04,8
Patient_04,9
Patient_04,10
Patient_04,11
Patient_04,12
Patient_04,13
Patient_04,14
Patient_04,15
Patient_04,16
Patient_04,17
Patient_04,18
Patient_04,19
Patient_04,20
Patient_04,21
Patient_04,22
Patient_04,23
Patient_04,24
Patient_04,25
Patient_04,26
Patient_04,27
Patient_04,28
Patient_04,29
Patient_04,30
Patient_04,31
Patient_04,32
Patient_04,33
Patient_04,34
Patient_04,35
Patient_04,36
Patient_04,37
Patient_04,38
Patient_04,39
Patient_04,40
Patient_04,41
Patient_04,42
Patient_04,43
Patient_04,44
Patient_04,45
Patient_04,46
Patient_04,47
Patient_04,48
Patient_04,49
Patient_04,50
Patient_04,51
Patient_04,52
Patient_04,53
Patient_04,54
Patient_04,55
Patient_04,56
Patient_04,57
Patient_04,58
Patient_04,59
Patient_04,60
Patient_04,61
Patient_04,62
Patient_04,63
Patient_04,64
Patient_04,65
Patient_04,66
Patient_04,67
Patient_04,68
Patient_04,69
Patient_04,70
Patient_04,71
Patient_04,72
Patient_04,73
Patient_04,74
Patient_04,75
Patient_04,76
Patient_04,77
Patient_04,78
Patient_04,79
Patient_04,80
Patient_04,81
Patient_04,82
Patient_04,83
Patient_04,84
Patient_04,85
Patient_04,86
Patient_04,87
Patient_04,88
Patient_04,89
Patient_04,90
Patient_04,91
Patient_04,92
Patient_04,93
Patient_04,94
Patient_04,95
Patient_04,96
Patient_04,97
Patient_04,98
Patient_04,99
Patient_04,100
Patient_04,101
Patient_04,102
Patient_04,103
Patient_04,104
Patient_04,105
Patient_04,106
Patient_04,107
Patient_04,108
Patient_04,109
Patient_04,110
Patient_04,111
Patient_04,112
Patient_04,113
Patient_04,114
Patient_04,115
Patient_04,116
Patient_04,117
Patient_04,118
Patient_04,119
Patient_04,120
Patient_04,121
Patient_04,122
Patient_04,123
Patient_04,124
Patient_04,125
Patient_04,126
Patient_04,127
Patient_04,128
Patient_04,129
Patient_04,130
Patient_04,131
Patient_04,132
Patient_04,133
Patient_04,134
Patient_04,135
Patient_04,136
Patient_04,137
Patient_04,138
Patient_04,139
Patient_04,140
Patient_04,141
Patient_04,142
Patient_04,143
Patient_04,144
Patient_04,145
Patient_04,146
Patient_04,147
Patient_04,148
Patient_04,149
Patient_04,150
Patient_04,151
Patient_04,152
Patient_04,153
Patient_04,154
Patient_04,155
Patient_04,156
Patient_04,157
Patient_05,0
Patient_05,1
Patient_05,2
Patient_05,3
Patient_05,4
Patient_05,5
Patient_05,6
Patient_05,7
Patient_05,8
Patient_05,9
Patient_05,10
Patient_05,11
Patient_05,12
Patient_05,13
Patient_05,14
Patient_05,15
Patient_05,16
Patient_05,17
Patient_05,18
Patient_05,19
Patient_05,20
Patient_05,21
Patient_05,22
Patient_05,23
Patient_05,24
Patient_05,25
Patient_05,26
Patient_05,27
Patient_05,28
Patient_05,29
Patient_05,30
Patient_05,31
Patient_05,32
Patient_05,33
Patient_05,34
Patient_05,35
Patient_05,36
Patient_05,37
Patient_05,38
Patient_05,39
Patient_05,40
Patient_05,41
Patient_05,42
Patient_05,43
Patient_05,44
Patient_05,45
Patient_05,46
Patient_05,47
Patient_05,48
Patient_05,49
Patient_05,50
Patient_05,51
Patient_05,52
Patient_05,53
Patient_05,54
Patient_05,55
Patient_05,56
Patient_05,57
Patient_05,58
Patient_05,59
Patient_05,60
Patient_05,61
Patient_05,62
Patient_05,63
Patient_05,64
Patient_05,65
Patient_05,66
Patient_05,67
Patient_05,68
Patient_05,69
Patient_05,70
Patient_05,71
Patient_05,72
Patient_05,73
Patient_05,74
Patient_05,75
Patient_05,76
Patient_05,77
Patient_05,78
Patient_05,79
Patient_05,80
Patient_05,81
Patient_05,82
Patient_05,83
Patient_05,84
Patient_05,85
Patient_05,86
Patient_05,87
Patient_05,88
Patient_05,89
Patient_05,90
Patient_05,91
Patient_05,92
Patient_05,93
Patient_05,94
Patient_05,95
Patient_05,96
Patient_05,97
Patient_05,98
Patient_05,99
Patient_05,100
Patient_05,101
Patient_05,102
Patient_05,103
Patient_05,104
Patient_05,105
Patient_05,106
Patient_05,107
Patient_05,108
Patient_05,109
Patient_05,110
Patient_05,111
Patient_05,112
Patient_05,113
Patient_05,114
Patient_05,115
Patient_05,116
Patient_05,117
Patient_05,118
Patient_05,119
Patient_05,120
Patient_05,121
Patient_05,122
Patient_05,123
Patient_05,124
Patient_05,125
Patient_05,126
Patient_05,127
Patient_05,128
Patient_05,129
Patient_05,130
Patient_05,131
Patient_05,132
Patient_05,133
Patient_05,134
Patient_05,135
Patient_05,136
Patient_05,137
Patient_05,138
Patient_05,139
Patient_05,140
Patient_05,141
Patient_05,142
Patient_05,143
Patient_05,144
Patient_05,145
Patient_05,146
Patient_05,147
Patient_05,148
Patient_05,149
Patient_05,150
Patient_05,151
Patient_05,152
Patient_05,153
Patient_05,154
Patient_05,155
Patient_05,156
Patient_05,157
Patient_05,158
Patient_05,159
Patient_05,160
Patient_05,161
Patient_05,162
Patient_05,163
Patient_05,164
Patient_05,165
Patient_05,166
Patient_05,167
Patient_05,168
Patient_05,169
Patient_05,170
Patient_05,171
Patient_05,172
Patient_05,173
Patient_05,174
Patient_05,175
Patient_05,176
Patient_05,177
Patient_05,178
Patient_05,179
Patient_05,180
Patient_05,181
Patient_05,182
Patient_05,183
Patient_05,184
Patient_05,185
Patient_05,186
Patient_05,187
Patient_05,188
Patient_05,189
Patient_05,190
Patient_05,191
Patient_05,192
Patient_05,193
Patient_05,194
Patient_05,195
Patient_05,196
Patient_05,197
Patient_05,198
Patient_05,199
Patient_05,200
Patient_05,201
Patient_05,202
Patient_05,203
Patient_05,204
Patient_05,205
Patient_05,206
Patient_05,207
Patient_05,208
Patient_05,209
Patient_05,210
Patient_05,211
Patient_05,212
Patient_05,213
Patient_05,214
Patient_05,215
Patient_05,216
Patient_05,217
Patient_05,218
Patient_05,219
Patient_05,220
Patient_05,221
Patient_05,222
Patient_05,223
Patient_05,224
Patient_05,225
Patient_05,226
Patient_05,227
Patient_05,228
Patient_05,229
Patient_05,230
Patient_05,231
Patient_05,232
Patient_05,233
Patient_05,234
Patient_05,235
Patient_05,236
Patient_05,237
Patient_05,238
Patient_05,239
Patient_05,240
Patient_05,241
Patient_05,242
Patient_05,243
Patient_05,244
Patient_05,245
Patient_05,246
Patient_05,247
Patient_05,248
Patient_05,249
Patient_05,250
Patient_05,251
Patient_05,252
Patient_05,253
Patient_05,254
Patient_05,255
Patient_05,256
Patient_05,257
Patient_05,258
Patient_05,259
Patient_05,260
Patient_05,261
Patient_05,262
Patient_05,263
Patient_05,264
Patient_05,265
Patient_05,266
Patient_05,267
Patient_05,268
Patient_05,269
Patient_05,270
Patient_05,271
Patient_05,272
Patient_05,273
Patient_05,274
Patient_05,275
Patient_05,276
Patient_05,277
Patient_05,278
Patient_05,279
Patient_05,280
Patient_05,281
Patient_05,282
Patient_05,283
Patient_06,0
Patient_06,1
Patient_06,2
Patient_06,3
Patient_06,4
Patient_06,5
Patient_06,6
Patient_06,7
Patient_06,8
Patient_06,9
Patient_06,10
Patient_06,11
Patient_06,12
Patient_06,13
Patient_06,14
Patient_06,15
Patient_06,16
Patient_06,17
Patient_06,18
Patient_06,19
Patient_06,20
Patient_06,21
Patient_06,22
Patient_06,23
Patient_06,24
Patient_06,25
Patient_06,26
Patient_06,27
Patient_06,28
Patient_06,29
Patient_06,30
Patient_06,31
Patient_06,32
Patient_06,33
Patient_06,34
Patient_06,35
Patient_06,36
Patient_06,37
Patient_06,38
Patient_06,39
Patient_06,40
Patient_06,41
Patient_06,42
Patient_06,43
Patient_06,44
Patient_06,45
Patient_06,46
Patient_06,47
Patient_06,48
Patient_06,49
Patient_06,50
Patient_06,51
Patient_06,52
Patient_06,53
Patient_06,54
Patient_06,55
Patient_06,56
Patient_06,57
Patient_06,58
Patient_06,59
Patient_06,60
Patient_06,61
Patient_06,62
Patient_06,63
Patient_06,64
Patient_06,65
Patient_06,66
Patient_06,67
Patient_06,68
Patient_06,69
Patient_06,70
Patient_06,71
Patient_06,72
Patient_06,73
Patient_06,74
Patient_06,75
Patient_06,76
Patient_06,77
Patient_06,78
Patient_06,79
Patient_06,80
Patient_06,81
Patient_06,82
Patient_06,83
Patient_06,84
Patient_06,85
Patient_06,86
Patient_06,87
Patient_06,88
Patient_06,89
Patient_06,90
Patient_06,91
Patient_06,92
Patient_06,93
Patient_06,94
Patient_06,95
Patient_06,96
Patient_06,97
Patient_06,98
Patient_06,99
Patient_06,100
Patient_06,101
Patient_06,102
Patient_06,103
Patient_06,104
Patient_06,105
Patient_06,106
Patient_06,107
Patient_06,108
Patient_06,109
Patient_06,110
Patient_06,111
Patient_06,112
Patient_06,113
Patient_06,114
Patient_06,115
Patient_06,116
Patient_06,117
Patient_06,118
Patient_06,119
Patient_06,120
Patient_06,121
Patient_06,122
Patient_06,123
Patient_06,124
Patient_06,125
Patient_06,126
Patient_06,127
Patient_06,128
Patient_06,129
Patient_06,130
Patient_06,131
Patient_06,132
Patient_06,133
Patient_06,134
Patient_06,135
Patient_06,136
Patient_06,137
Patient_06,138
Patient_06,139
Patient_06,140
Patient_06,141
Patient_06,142
Patient_06,143
Patient_06,144
Patient_06,145
Patient_06,146
Patient_06,147
Patient_06,148
Patient_06,149
Patient_06,150
Patient_06,151
Patient_06,152
Patient_06,153
Patient_06,154
Patient_06,155
Patient_06,156
Patient_06,157
Patient_06,158
Patient_06,159
Patient_06,160
Patient_06,161
Patient_06,162
Patient_06,163
Patient_06,164
Patient_06,165
Patient_06,166
Patient_06,167
Patient_06,168
Patient_06,169
Patient_06,170
Patient_06,171
Patient_06,172
Patient_06,173
Patient_06,174
Patient_06,175
Patient_06,176
Patient_06,177
Patient_06,178
Patient_06,179
Patient_06,180
Patient_06,181
Patient_06,182
Patient_06,183
Patient_06,184
Patient_06,185
Patient_06,186
Patient_06,187
Patient_06,188
Patient_06,189
Patient_06,190
Patient_06,191
Patient_06,192
Patient_06,193
Patient_06,194
Patient_06,195
Patient_06,196
Patient_06,197
Patient_06,198
Patient_07,0
Patient_07,1
Patient_07,2
Patient_07,3
Patient_07,4
Patient_07,5
Patient_07,6
Patient_07,7
Patient_07,8
Patient_07,9
Patient_07,10
Patient_07,11
Patient_07,12
Patient_07,13
Patient_07,14
Patient_07,15
Patient_07,16
Patient_07,17
Patient_07,18
Patient_07,19
Patient_07,20
Patient_07,21
Patient_07,22
Patient_07,23
Patient_07,24
Patient_07,25
Patient_07,26
Patient_07,27
Patient_07,28
Patient_07,29
Patient_07,30
Patient_07,31
Patient_07,32
Patient_07,33
Patient_07,34
Patient_07,35
Patient_07,36
Patient_07,37
Patient_07,38
Patient_07,39
Patient_07,40
Patient_07,41
Patient_07,42
Patient_07,43
Patient_07,44
Patient_07,45
Patient_07,46
Patient_07,47
Patient_07,48
Patient_07,49
Patient_07,50
Patient_07,51
Patient_07,52
Patient_07,53
Patient_07,54
Patient_07,55
Patient_07,56
Patient_07,57
Patient_07,58
Patient_07,59
Patient_07,60
Patient_07,61
Patient_07,62
Patient_07,63
Patient_07,64
Patient_07,65
Patient_07,66
Patient_07,67
Patient_07,68
Patient_07,69
Patient_07,70
Patient_07,71
Patient_07,72
Patient_07,73
Patient_07,74
Patient_07,75
Patient_07,76
Patient_07,77
Patient_07,78
Patient_07,79
Patient_07,80
Patient_07,81
Patient_07,82
Patient_07,83
Patient_07,84
Patient_07,85
Patient_07,86
Patient_07,87
Patient_07,88
Patient_07,89
Patient_07,90
Patient_07,91
Patient_07,92
Patient_07,93
Patient_07,94
Patient_07,95
Patient_07,96
Patient_07,97
Patient_07,98
Patient_07,99
Patient_07,100
Patient_07,101
Patient_07,102
Patient_07,103
Patient_07,104
Patient_07,105
Patient_07,106
Patient_07,107
Patient_07,108
Patient_07,109
Patient_07,110
Patient_07,111
Patient_07,112
Patient_07,113
Patient_07,114
Patient_07,115
Patient_07,116
Patient_07,117
Patient_07,118
Patient_07,119
Patient_07,120
Patient_07,121
Patient_07,122
Patient_07,123
Patient_07,124
Patient_07,125
Patient_07,126
Patient_07,127
Patient_07,128
Patient_07,129
Patient_07,130
Patient_07,131
Patient_07,132
Patient_07,133
Patient_07,134
Patient_07,135
Patient_07,136
Patient_07,137
Patient_07,138
Patient_07,139
Patient_07,140
Patient_07,141
Patient_07,142
Patient_07,143
Patient_07,144
Patient_07,145
Patient_07,146
Patient_07,147
Patient_07,148
Patient_07,149
Patient_07,150
Patient_07,151
Patient_07,152
Patient_07,153
Patient_07,154
Patient_07,155
Patient_07,156
Patient_07,157
Patient_07,158
Patient_07,159
Patient_07,160
Patient_07,161
Patient_07,162
Patient_07,163
Patient_07,164
Patient_07,165
Patient_07,166
Patient_07,167
Patient_07,168
Patient_07,169
Patient_07,170
Patient_07,171
Patient_07,172
Patient_07,173
Patient_07,174
Patient_07,175
Patient_07,176
Patient_07,177
Patient_07,178
Patient_08,0
Patient_08,1
Patient_08,2
Patient_08,3
Patient_08,4
Patient_08,5
Patient_08,6
Patient_08,7
Patient_08,8
Patient_08,9
Patient_08,10
Patient_08,11
Patient_08,12
Patient_08,13
Patient_08,14
Patient_08,15
Patient_08,16
Patient_08,17
Patient_08,18
Patient_08,19
Patient_08,20
Patient_08,21
Patient_08,22
Patient_08,23
Patient_08,24
Patient_08,25
Patient_08,26
Patient_08,27
Patient_08,28
Patient_08,29
Patient_08,30
Patient_08,31
Patient_08,32
Patient_08,33
Patient_08,34
Patient_08,35
Patient_08,36
Patient_08,37
Patient_08,38
Patient_08,39
Patient_08,40
Patient_08,41
Patient_08,42
Patient_08,43
Patient_08,44
Patient_08,45
Patient_08,46
Patient_08,47
Patient_08,48
Patient_08,49
Patient_08,50
Patient_08,51
Patient_08,52
Patient_08,53
Patient_08,54
Patient_08,55
Patient_08,56
Patient_08,57
Patient_08,58
Patient_08,59
Patient_08,60
Patient_08,61
Patient_08,62
Patient_08,63
Patient_08,64
Patient_08,65
Patient_08,66
Patient_08,67
Patient_08,68
Patient_08,69
Patient_08,70
Patient_08,71
Patient_08,72
Patient_08,73
Patient_08,74
Patient_08,75
Patient_08,76
Patient_08,77
Patient_08,78
Patient_08,79
Patient_08,80
Patient_08,81
Patient_08,82
Patient_08,83
Patient_08,84
Patient_08,85
Patient_08,86
Patient_08,87
Patient_08,88
Patient_08,89
Patient_08,90
Patient_08,91
Patient_08,92
Patient_08,93
Patient_08,94
Patient_08,95
Patient_08,96
Patient_08,97
Patient_08,98
Patient_08,99
Patient_08,100
Patient_08,101
Patient_08,102
Patient_08,103
Patient_08,104
Patient_08,105
Patient_08,106
Patient_08,107
Patient_08,108
Patient_08,109
Patient_08,110
Patient_08,111
Patient_08,112
Patient_08,113
Patient_08,114
Patient_08,115
Patient_08,116
Patient_08,117
Patient_08,118
Patient_08,119
Patient_08,120
Patient_08,121
Patient_08,122
Patient_08,123
Patient_08,124
Patient_08,125
Patient_08,126
Patient_08,127
Patient_08,128
Patient_08,129
Patient_08,130
Patient_08,131
Patient_08,132
Patient_08,133
Patient_08,134
Patient_08,135
Patient_08,136
Patient_08,137
Patient_08,138
Patient_08,139
Patient_08,140
Patient_08,141
Patient_08,142
Patient_08,143
Patient_08,144
Patient_08,145
Patient_08,146
Patient_08,147
Patient_08,148
Patient_08,149
Patient_08,150
Patient_08,151
Patient_08,152
Patient_08,153
Patient_08,154
Patient_08,155
Patient_08,156
Patient_08,157
Patient_08,158
Patient_08,159
Patient_08,160
Patient_08,161
Patient_08,162
Patient_08,163
Patient_08,164
Patient_08,165
Patient_08,166
Patient_08,167
Patient_08,168
Patient_08,169
Patient_08,170
Patient_09,0
Patient_09,1
Patient_09,2
Patient_09,3
Patient_09,4
Patient_09,5
Patient_09,6
Patient_09,7
Patient_09,8
Patient_09,9
Patient_09,10
Patient_09,11
Patient_09,12
Patient_09,13
Patient_09,14
Patient_09,15
Patient_09,16
Patient_09,17
Patient_09,18
Patient_09,19
Patient_09,20
Patient_09,21
Patient_09,22
Patient_09,23
Patient_09,24
Patient_09,25
Patient_09,26
Patient_09,27
Patient_09,28
Patient_09,29
Patient_09,30
Patient_09,31
Patient_09,32
Patient_09,33
Patient_09,34
Patient_09,35
Patient_09,36
Patient_09,37
Patient_09,38
Patient_09,39
Patient_09,40
Patient_09,41
Patient_09,42
Patient_09,43
Patient_09,44
Patient_09,45
Patient_09,46
Patient_09,47
Patient_09,48
Patient_09,49
Patient_09,50
Patient_09,51
Patient_09,52
Patient_09,53
Patient_09,54
Patient_09,55
Patient_09,56
Patient_09,57
Patient_09,58
Patient_09,59
Patient_09,60
Patient_09,61
Patient_09,62
Patient_09,63
Patient_09,64
Patient_09,65
Patient_09,66
Patient_09,67
Patient_09,68
Patient_09,69
Patient_09,70
Patient_09,71
Patient_09,72
Patient_09,73
Patient_09,74
Patient_09,75
Patient_09,76
Patient_09,77
Patient_09,78
Patient_09,79
Patient_09,80
Patient_09,81
Patient_09,82
Patient_09,83
Patient_09,84
Patient_09,85
Patient_09,86
Patient_09,87
Patient_09,88
Patient_09,89
Patient_09,90
Patient_09,91
Patient_09,92
Patient_09,93
Patient_09,94
Patient_09,95
Patient_09,96
Patient_09,97
Patient_09,98
Patient_09,99
Patient_09,100
Patient_09,101
Patient_09,102
Patient_09,103
Patient_09,104
Patient_09,105
Patient_09,106
Patient_09,107
Patient_09,108
Patient_09,109
Patient_09,110
Patient_09,111
Patient_09,112
Patient_09,113
Patient_09,114
Patient_09,115
Patient_09,116
Patient_09,117
Patient_09,118
Patient_09,119
Patient_09,120
Patient_09,121
Patient_09,122
Patient_09,123
Patient_09,124
Patient_09,125
Patient_09,126
Patient_09,127
Patient_09,128
Patient_09,129
Patient_09,130
Patient_09,131
Patient_09,132
Patient_09,133
Patient_09,134
Patient_09,135
Patient_09,136
Patient_09,137
Patient_09,138
Patient_09,139
Patient_09,140
Patient_09,141
Patient_09,142
Patient_09,143
Patient_09,144
Patient_09,145
Patient_09,146
Patient_09,147
Patient_09,148
Patient_09,149
Patient_09,150
Patient_09,151
Patient_09,152
Patient_09,153
Patient_10,0
Patient_10,1
Patient_10,2
Patient_10,3
Patient_10,4
Patient_10,5
Patient_10,6
Patient_10,7
Patient_10,8
Patient_10,9
Patient_10,10
Patient_10,11
Patient_10,12
Patient_10,13
Patient_10,14
Patient_10,15
Patient_10,16
Patient_10,17
Patient_10,18
Patient_10,19
Patient_10,20
Patient_10,21
Patient_10,22
Patient_10,23
Patient_10,24
Patient_10,25
Patient_10,26
Patient_10,27
Patient_10,28
Patient_10,29
Patient_10,30
Patient_10,31
Patient_10,32
Patient_10,33
Patient_10,34
Patient_10,35
Patient_10,36
Patient_10,37
Patient_10,38
Patient_10,39
Patient_10,40
Patient_10,41
Patient_10,42
Patient_10,43
Patient_10,44
Patient_10,45
Patient_10,46
Patient_10,47
Patient_10,48
Patient_10,49
Patient_10,50
Patient_10,51
Patient_10,52
Patient_10,53
Patient_10,54
Patient_10,55
Patient_10,56
Patient_10,57
Patient_10,58
Patient_10,59
Patient_10,60
Patient_10,61
Patient_10,62
Patient_10,63
Patient_10,64
Patient_10,65
Patient_10,66
Patient_10,67
Patient_10,68
Patient_10,69
Patient_10,70
Patient_10,71
Patient_10,72
Patient_10,73
Patient_10,74
Patient_10,75
Patient_10,76
Patient_10,77
Patient_10,78
Patient_10,79
Patient_10,80
Patient_10,81
Patient_10,82
Patient_10,83
Patient_10,84
Patient_10,85
Patient_10,86
Patient_10,87
Patient_10,88
Patient_10,89
Patient_10,90
Patient_10,91
Patient_10,92
Patient_10,93
Patient_10,94
Patient_10,95
Patient_10,96
Patient_10,97
Patient_10,98
Patient_10,99
Patient_10,100
Patient_10,101
Patient_10,102
Patient_10,103
Patient_10,104
Patient_10,105
Patient_10,106
Patient_10,107
Patient_10,108
Patient_10,109
Patient_10,110
Patient_10,111
Patient_10,112
Patient_10,113
Patient_10,114
Patient_10,115
Patient_10,116
Patient_10,117
Patient_10,118
Patient_10,119
Patient_10,120
Patient_10,121
Patient_10,122
Patient_10,123
Patient_10,124
Patient_10,125
Patient_10,126
Patient_10,127
Patient_10,128
Patient_10,129
Patient_10,130
Patient_10,131
Patient_10,132
Patient_10,133
Patient_10,134
Patient_10,135
Patient_10,136
Patient_10,137
Patient_10,138
Patient_10,139
Patient_10,140
Patient_10,141
Patient_10,142
Patient_10,143
Patient_10,144
Patient_10,145
Patient_10,146
Patient_10,147
Patient_10,148
Patient_10,149
Patient_10,150
Patient_10,151
Patient_10,152
Patient_10,153
Patient_10,154
Patient_10,155
Patient_10,156
Patient_10,157
Patient_10,158
Patient_10,159
Patient_10,160
Patient_10,161
Patient_10,162
Patient_11,0
Patient_11,1
Patient_11,2
Patient_11,3
Patient_11,4
Patient_11,5
Patient_11,6
Patient_11,7
Patient_11,8
Patient_11,9
Patient_11,10
Patient_11,11
Patient_11,12
Patient_11,13
Patient_11,14
Patient_11,15
Patient_11,16
Patient_11,17
Patient_11,18
Patient_11,19
Patient_11,20
Patient_11,21
Patient_11,22
Patient_11,23
Patient_11,24
Patient_11,25
Patient_11,26
Patient_11,27
Patient_11,28
Patient_11,29
Patient_11,30
Patient_11,31
Patient_11,32
Patient_11,33
Patient_11,34
Patient_11,35
Patient_11,36
Patient_11,37
Patient_11,38
Patient_11,39
Patient_11,40
Patient_11,41
Patient_11,42
Patient_11,43
Patient_11,44
Patient_11,45
Patient_11,46
Patient_11,47
Patient_11,48
Patient_11,49
Patient_11,50
Patient_11,51
Patient_11,52
Patient_11,53
Patient_11,54
Patient_11,55
Patient_11,56
Patient_11,57
Patient_11,58
Patient_11,59
Patient_11,60
Patient_11,61
Patient_11,62
Patient_11,63
Patient_11,64
Patient_11,65
Patient_11,66
Patient_11,67
Patient_11,68
Patient_11,69
Patient_11,70
Patient_11,71
Patient_11,72
Patient_11,73
Patient_11,74
Patient_11,75
Patient_11,76
Patient_11,77
Patient_11,78
Patient_11,79
Patient_11,80
Patient_11,81
Patient_11,82
Patient_11,83
Patient_11,84
Patient_11,85
Patient_11,86
Patient_11,87
Patient_11,88
Patient_11,89
Patient_11,90
Patient_11,91
Patient_11,92
Patient_11,93
Patient_11,94
Patient_11,95
Patient_11,96
Patient_11,97
Patient_11,98
Patient_11,99
Patient_11,100
Patient_11,101
Patient_11,102
Patient_11,103
Patient_11,104
Patient_11,105
Patient_11,106
Patient_11,107
Patient_11,108
Patient_11,109
Patient_11,110
Patient_11,111
Patient_11,112
Patient_11,113
Patient_11,114
Patient_11,115
Patient_11,116
Patient_11,117
Patient_11,118
Patient_11,119
Patient_11,120
Patient_11,121
Patient_11,122
Patient_11,123
Patient_11,124
Patient_11,125
Patient_11,126
Patient_11,127
Patient_11,128
Patient_11,129
Patient_11,130
Patient_11,131
Patient_11,132
Patient_11,133
Patient_11,134
Patient_11,135
Patient_11,136
Patient_11,137
Patient_11,138
Patient_11,139
Patient_11,140
Patient_11,141
Patient_11,142
Patient_11,143
Patient_11,144
Patient_11,145
Patient_11,146
Patient_11,147
Patient_11,148
Patient_11,149
Patient_11,150
Patient_11,151
Patient_11,152
Patient_11,153
Patient_11,154
Patient_11,155
Patient_11,156
Patient_11,157
Patient_11,158
Patient_11,159
Patient_11,160
Patient_11,161
Patient_11,162
Patient_11,163
Patient_11,164
Patient_11,165
Patient_11,166
Patient_11,167
Patient_11,168
Patient_11,169
Patient_11,170
Patient_11,171
Patient_11,172
Patient_11,173
Patient_11,174
Patient_11,175
Patient_11,176
Patient_11,177
Patient_11,178
Patient_11,179
Patient_12,0
Patient_12,1
Patient_12,2
Patient_12,3
Patient_12,4
Patient_12,5
Patient_12,6
Patient_12,7
Patient_12,8
Patient_12,9
Patient_12,10
Patient_12,11
Patient_12,12
Patient_12,13
Patient_12,14
Patient_12,15
Patient_12,16
Patient_12,17
Patient_12,18
Patient_12,19
Patient_12,20
Patient_12,21
Patient_12,22
Patient_12,23
Patient_12,24
Patient_12,25
Patient_12,26
Patient_12,27
Patient_12,28
Patient_12,29
Patient_12,30
Patient_12,31
Patient_12,32
Patient_12,33
Patient_12,34
Patient_12,35
Patient_12,36
Patient_12,37
Patient_12,38
Patient_12,39
Patient_12,40
Patient_12,41
Patient_12,42
Patient_12,43
Patient_12,44
Patient_12,45
Patient_12,46
Patient_12,47
Patient_12,48
Patient_12,49
Patient_12,50
Patient_12,51
Patient_12,52
Patient_12,53
Patient_12,54
Patient_12,55
Patient_12,56
Patient_12,57
Patient_12,58
Patient_12,59
Patient_12,60
Patient_12,61
Patient_12,62
Patient_12,63
Patient_12,64
Patient_12,65
Patient_12,66
Patient_12,67
Patient_12,68
Patient_12,69
Patient_12,70
Patient_12,71
Patient_12,72
Patient_12,73
Patient_12,74
Patient_12,75
Patient_12,76
Patient_12,77
Patient_12,78
Patient_12,79
Patient_12,80
Patient_12,81
Patient_12,82
Patient_12,83
Patient_12,84
Patient_12,85
Patient_12,86
Patient_12,87
Patient_12,88
Patient_12,89
Patient_12,90
Patient_12,91
Patient_12,92
Patient_12,93
Patient_12,94
Patient_12,95
Patient_12,96
Patient_12,97
Patient_12,98
Patient_12,99
Patient_12,100
Patient_12,101
Patient_12,102
Patient_12,103
Patient_12,104
Patient_12,105
Patient_12,106
Patient_12,107
Patient_12,108
Patient_12,109
Patient_12,110
Patient_12,111
Patient_12,112
Patient_12,113
Patient_12,114
Patient_12,115
Patient_12,116
Patient_12,117
Patient_12,118
Patient_12,119
Patient_12,120
Patient_12,121
Patient_12,122
Patient_12,123
Patient_12,124
Patient_12,125
Patient_12,126
Patient_12,127
Patient_12,128
Patient_12,129
Patient_12,130
Patient_12,131
Patient_12,132
Patient_12,133
Patient_12,134
Patient_12,135
Patient_12,136
Patient_12,137
Patient_12,138
Patient_12,139
Patient_12,140
Patient_12,141
Patient_12,142
Patient_12,143
Patient_12,144
Patient_12,145
Patient_12,146
Patient_12,147
Patient_12,148
Patient_12,149
Patient_12,150
Patient_12,151
Patient_12,152
Patient_12,153
Patient_12,154
Patient_12,155
Patient_12,156
Patient_12,157
Patient_12,158
Patient_12,159
Patient_12,160
Patient_12,161
Patient_12,162
Patient_12,163
Patient_12,164
Patient_12,165
Patient_12,166
Patient_12,167
Patient_12,168
Patient_12,169
Patient_12,170
Patient_13,0
Patient_13,1
Patient_13,2
Patient_13,3
Patient_13,4
Patient_13,5
Patient_13,6
Patient_13,7
Patient_13,8
Patient_13,9
Patient_13,10
Patient_13,11
Patient_13,12
Patient_13,13
Patient_13,14
Patient_13,15
Patient_13,16
Patient_13,17
Patient_13,18
Patient_13,19
Patient_13,20
Patient_13,21
Patient_13,22
Patient_13,23
Patient_13,24
Patient_13,25
Patient_13,26
Patient_13,27
Patient_13,28
Patient_13,29
Patient_13,30
Patient_13,31
Patient_13,32
Patient_13,33
Patient_13,34
Patient_13,35
Patient_13,36
Patient_13,37
Patient_13,38
Patient_13,39
Patient_13,40
Patient_13,41
Patient_13,42
Patient_13,43
Patient_13,44
Patient_13,45
Patient_13,46
Patient_13,47
Patient_13,48
Patient_13,49
Patient_13,50
Patient_13,51
Patient_13,52
Patient_13,53
Patient_13,54
Patient_13,55
Patient_13,56
Patient_13,57
Patient_13,58
Patient_13,59
Patient_13,60
Patient_13,61
Patient_13,62
Patient_13,63
Patient_13,64
Patient_13,65
Patient_13,66
Patient_13,67
Patient_13,68
Patient_13,69
Patient_13,70
Patient_13,71
Patient_13,72
Patient_13,73
Patient_13,74
Patient_13,75
Patient_13,76
Patient_13,77
Patient_13,78
Patient_13,79
Patient_13,80
Patient_13,81
Patient_13,82
Patient_13,83
Patient_13,84
Patient_13,85
Patient_13,86
Patient_13,87
Patient_13,88
Patient_13,89
Patient_13,90
Patient_13,91
Patient_13,92
Patient_13,93
Patient_13,94
Patient_13,95
Patient_13,96
Patient_13,97
Patient_13,98
Patient_13,99
Patient_13,100
Patient_13,101
Patient_13,102
Patient_13,103
Patient_13,104
Patient_13,105
Patient_13,106
Patient_13,107
Patient_13,108
Patient_13,109
Patient_13,110
Patient_13,111
Patient_13,112
Patient_13,113
Patient_13,114
Patient_13,115
Patient_13,116
Patient_13,117
Patient_13,118
Patient_13,119
Patient_13,120
Patient_13,121
Patient_13,122
Patient_13,123
Patient_13,124
Patient_13,125
Patient_13,126
Patient_13,127
Patient_13,128
Patient_13,129
Patient_13,130
Patient_13,131
Patient_13,132
Patient_13,133
Patient_13,134
Patient_13,135
Patient_13,136
Patient_13,137
Patient_13,138
Patient_13,139
Patient_13,140
Patient_13,141
Patient_13,142
Patient_13,143
Patient_13,144
Patient_13,145
Patient_13,146
Patient_13,147
Patient_13,148
Patient_13,149
Patient_13,150
Patient_13,151
Patient_13,152
Patient_13,153
Patient_13,154
Patient_13,155
Patient_13,156
Patient_13,157
Patient_13,158
Patient_13,159
Patient_13,160
Patient_13,161
Patient_13,162
Patient_13,163
Patient_13,164
Patient_13,165
Patient_13,166
Patient_13,167
Patient_13,168
Patient_13,169
Patient_13,170
Patient_13,171
Patient_13,172
Patient_13,173
Patient_13,174
Patient_13,175
Patient_13,176
Patient_13,177
Patient_13,178
Patient_13,179
Patient_13,180
Patient_13,181
Patient_13,182
Patient_13,183
Patient_13,184
Patient_13,185
Patient_13,186
Patient_13,187
Patient_13,188
Patient_13,189
Patient_13,190
Patient_13,191
Patient_13,192
Patient_13,193
Patient_13,194
Patient_13,195
Patient_13,196
Patient_13,197
Patient_13,198
Patient_13,199
Patient_13,200
Patient_13,201
Patient_13,202
Patient_13,203
Patient_13,204
Patient_13,205
Patient_13,206
Patient_13,207
Patient_13,208
Patient_13,209
Patient_13,210
Patient_13,211
Patient_13,212
Patient_13,213
Patient_13,214
Patient_13,215
Patient_13,216
Patient_13,217
Patient_13,218
Patient_13,219
Patient_13,220
Patient_13,221
Patient_13,222
Patient_13,223
Patient_13,224
Patient_13,225
Patient_13,226
Patient_13,227
Patient_14,0
Patient_14,1
Patient_14,2
Patient_14,3
Patient_14,4
Patient_14,5
Patient_14,6
Patient_14,7
Patient_14,8
Patient_14,9
Patient_14,10
Patient_14,11
Patient_14,12
Patient_14,13
Patient_14,14
Patient_14,15
Patient_14,16
Patient_14,17
Patient_14,18
Patient_14,19
Patient_14,20
Patient_14,21
Patient_14,22
Patient_14,23
Patient_14,24
Patient_14,25
Patient_14,26
Patient_14,27
Patient_14,28
Patient_14,29
Patient_14,30
Patient_14,31
Patient_14,32
Patient_14,33
Patient_14,34
Patient_14,35
Patient_14,36
Patient_14,37
Patient_14,38
Patient_14,39
Patient_14,40
Patient_14,41
Patient_14,42
Patient_14,43
Patient_14,44
Patient_14,45
Patient_14,46
Patient_14,47
Patient_14,48
Patient_14,49
Patient_14,50
Patient_14,51
Patient_14,52
Patient_14,53
Patient_14,54
Patient_14,55
Patient_14,56
Patient_14,57
Patient_14,58
Patient_14,59
Patient_14,60
Patient_14,61
Patient_14,62
Patient_14,63
Patient_14,64
Patient_14,65
Patient_14,66
Patient_14,67
Patient_14,68
Patient_14,69
Patient_14,70
Patient_14,71
Patient_14,72
Patient_14,73
Patient_14,74
Patient_14,75
Patient_14,76
Patient_14,77
Patient_14,78
Patient_14,79
Patient_14,80
Patient_14,81
Patient_14,82
Patient_14,83
Patient_14,84
Patient_14,85
Patient_14,86
Patient_14,87
Patient_14,88
Patient_14,89
Patient_14,90
Patient_14,91
Patient_14,92
Patient_14,93
Patient_14,94
Patient_14,95
Patient_14,96
Patient_14,97
Patient_14,98
Patient_14,99
Patient_14,100
Patient_14,101
Patient_14,102
Patient_14,103
Patient_14,104
Patient_14,105
Patient_14,106
Patient_14,107
Patient_14,108
Patient_14,109
Patient_14,110
Patient_14,111
Patient_14,112
Patient_14,113
Patient_14,114
Patient_14,115
Patient_14,116
Patient_14,117
Patient_14,118
Patient_14,119
Patient_14,120
Patient_14,121
Patient_14,122
Patient_14,123
Patient_14,124
Patient_14,125
Patient_14,126
Patient_14,127
Patient_14,128
Patient_14,129
Patient_14,130
Patient_14,131
Patient_14,132
Patient_14,133
Patient_14,134
Patient_14,135
Patient_14,136
Patient_14,137
Patient_14,138
Patient_14,139
Patient_14,140
Patient_14,141
Patient_14,142
Patient_14,143
Patient_14,144
Patient_14,145
Patient_14,146
Patient_14,147
Patient_14,148
Patient_14,149
Patient_14,150
Patient_14,151
Patient_14,152
Patient_14,153
Patient_14,154
Patient_14,155
Patient_14,156
Patient_14,157
Patient_14,158
Patient_14,159
Patient_14,160
Patient_14,161
Patient_15,0
Patient_15,1
Patient_15,2
Patient_15,3
Patient_15,4
Patient_15,5
Patient_15,6
Patient_15,7
Patient_15,8
Patient_15,9
Patient_15,10
Patient_15,11
Patient_15,12
Patient_15,13
Patient_15,14
Patient_15,15
Patient_15,16
Patient_15,17
Patient_15,18
Patient_15,19
Patient_15,20
Patient_15,21
Patient_15,22
Patient_15,23
Patient_15,24
Patient_15,25
Patient_15,26
Patient_15,27
Patient_15,28
Patient_15,29
Patient_15,30
Patient_15,31
Patient_15,32
Patient_15,33
Patient_15,34
Patient_15,35
Patient_15,36
Patient_15,37
Patient_15,38
Patient_15,39
Patient_15,40
Patient_15,41
Patient_15,42
Patient_15,43
Patient_15,44
Patient_15,45
Patient_15,46
Patient_15,47
Patient_15,48
Patient_15,49
Patient_15,50
Patient_15,51
Patient_15,52
Patient_15,53
Patient_15,54
Patient_15,55
Patient_15,56
Patient_15,57
Patient_15,58
Patient_15,59
Patient_15,60
Patient_15,61
Patient_15,62
Patient_15,63
Patient_15,64
Patient_15,65
Patient_15,66
Patient_15,67
Patient_15,68
Patient_15,69
Patient_15,70
Patient_15,71
Patient_15,72
Patient_15,73
Patient_15,74
Patient_15,75
Patient_15,76
Patient_15,77
Patient_15,78
Patient_15,79
Patient_15,80
Patient_15,81
Patient_15,82
Patient_15,83
Patient_15,84
Patient_15,85
Patient_15,86
Patient_15,87
Patient_15,88
Patient_15,89
Patient_15,90
Patient_15,91
Patient_15,92
Patient_15,93
Patient_15,94
Patient_15,95
Patient_15,96
Patient_15,97
Patient_15,98
Patient_15,99
Patient_15,100
Patient_15,101
Patient_15,102
Patient_15,103
Patient_15,104
Patient_15,105
Patient_15,106
Patient_15,107
Patient_15,108
Patient_15,109
Patient_15,110
Patient_15,111
Patient_15,112
Patient_15,113
Patient_15,114
Patient_15,115
Patient_15,116
Patient_15,117
Patient_15,118
Patient_15,119
Patient_15,120
Patient_15,121
Patient_15,122
Patient_15,123
Patient_15,124
Patient_15,125
Patient_15,126
Patient_15,127
Patient_15,128
Patient_15,129
Patient_15,130
Patient_15,131
Patient_15,132
Patient_15,133
Patient_15,134
Patient_15,135
Patient_15,136
Patient_15,137
Patient_15,138
Patient_15,139
Patient_15,140
Patient_15,141
Patient_15,142
Patient_15,143
Patient_15,144
Patient_15,145
Patient_15,146
Patient_15,147
Patient_15,148
Patient_15,149
Patient_16,0
Patient_16,1
Patient_16,2
Patient_16,3
Patient_16,4
Patient_16,5
Patient_16,6
Patient_16,7
Patient_16,8
Patient_16,9
Patient_16,10
Patient_16,11
Patient_16,12
Patient_16,13
Patient_16,14
Patient_16,15
Patient_16,16
Patient_16,17
Patient_16,18
Patient_16,19
Patient_16,20
Patient_16,21
Patient_16,22
Patient_16,23
Patient_16,24
Patient_16,25
Patient_16,26
Patient_16,27
Patient_16,28
Patient_16,29
Patient_16,30
Patient_16,31
Patient_16,32
Patient_16,33
Patient_16,34
Patient_16,35
Patient_16,36
Patient_16,37
Patient_16,38
Patient_16,39
Patient_16,40
Patient_16,41
Patient_16,42
Patient_16,43
Patient_16,44
Patient_16,45
Patient_16,46
Patient_16,47
Patient_16,48
Patient_16,49
Patient_16,50
Patient_16,51
Patient_16,52
Patient_16,53
Patient_16,54
Patient_16,55
Patient_16,56
Patient_16,57
Patient_16,58
Patient_16,59
Patient_16,60
Patient_16,61
Patient_16,62
Patient_16,63
Patient_16,64
Patient_16,65
Patient_16,66
Patient_16,67
Patient_16,68
Patient_16,69
Patient_16,70
Patient_16,71
Patient_16,72
Patient_16,73
Patient_16,74
Patient_16,75
Patient_16,76
Patient_16,77
Patient_16,78
Patient_16,79
Patient_16,80
Patient_16,81
Patient_16,82
Patient_16,83
Patient_16,84
Patient_16,85
Patient_16,86
Patient_16,87
Patient_16,88
Patient_16,89
Patient_16,90
Patient_16,91
Patient_16,92
Patient_16,93
Patient_16,94
Patient_16,95
Patient_16,96
Patient_16,97
Patient_16,98
Patient_16,99
Patient_16,100
Patient_16,101
Patient_16,102
Patient_16,103
Patient_16,104
Patient_16,105
Patient_16,106
Patient_16,107
Patient_16,108
Patient_16,109
Patient_16,110
Patient_16,111
Patient_16,112
Patient_16,113
Patient_16,114
Patient_16,115
Patient_16,116
Patient_16,117
Patient_16,118
Patient_16,119
Patient_16,120
Patient_16,121
Patient_16,122
Patient_16,123
Patient_16,124
Patient_16,125
Patient_16,126
Patient_16,127
Patient_16,128
Patient_16,129
Patient_16,130
Patient_16,131
Patient_16,132
Patient_16,133
Patient_16,134
Patient_16,135
Patient_16,136
Patient_16,137
Patient_16,138
Patient_16,139
Patient_16,140
Patient_16,141
Patient_16,142
Patient_16,143
Patient_16,144
Patient_16,145
Patient_16,146
Patient_16,147
Patient_16,148
Patient_16,149
Patient_16,150
Patient_16,151
Patient_16,152
Patient_16,153
Patient_16,154
Patient_16,155
Patient_16,156
Patient_16,157
Patient_16,158
Patient_16,159
Patient_16,160
Patient_16,161
Patient_16,162
Patient_16,163
Patient_16,164
Patient_16,165
Patient_17,0
Patient_17,1
Patient_17,2
Patient_17,3
Patient_17,4
Patient_17,5
Patient_17,6
Patient_17,7
Patient_17,8
Patient_17,9
Patient_17,10
Patient_17,11
Patient_17,12
Patient_17,13
Patient_17,14
Patient_17,15
Patient_17,16
Patient_17,17
Patient_17,18
Patient_17,19
Patient_17,20
Patient_17,21
Patient_17,22
Patient_17,23
Patient_17,24
Patient_17,25
Patient_17,26
Patient_17,27
Patient_17,28
Patient_17,29
Patient_17,30
Patient_17,31
Patient_17,32
Patient_17,33
Patient_17,34
Patient_17,35
Patient_17,36
Patient_17,37
Patient_17,38
Patient_17,39
Patient_17,40
Patient_17,41
Patient_17,42
Patient_17,43
Patient_17,44
Patient_17,45
Patient_17,46
Patient_17,47
Patient_17,48
Patient_17,49
Patient_17,50
Patient_17,51
Patient_17,52
Patient_17,53
Patient_17,54
Patient_17,55
Patient_17,56
Patient_17,57
Patient_17,58
Patient_17,59
Patient_17,60
Patient_17,61
Patient_17,62
Patient_17,63
Patient_17,64
Patient_17,65
Patient_17,66
Patient_17,67
Patient_17,68
Patient_17,69
Patient_17,70
Patient_17,71
Patient_17,72
Patient_17,73
Patient_17,74
Patient_17,75
Patient_17,76
Patient_17,77
Patient_17,78
Patient_17,79
Patient_17,80
Patient_17,81
Patient_17,82
Patient_17,83
Patient_17,84
Patient_17,85
Patient_17,86
Patient_17,87
Patient_17,88
Patient_17,89
Patient_17,90
Patient_17,91
Patient_17,92
Patient_17,93
Patient_17,94
Patient_17,95
Patient_17,96
Patient_17,97
Patient_17,98
Patient_17,99
Patient_17,100
Patient_17,101
Patient_17,102
Patient_17,103
Patient_17,104
Patient_17,105
Patient_17,106
Patient_17,107
Patient_17,108
Patient_17,109
Patient_17,110
Patient_17,111
Patient_17,112
Patient_17,113
Patient_17,114
Patient_17,115
Patient_17,116
Patient_17,117
Patient_17,118
Patient_17,119
Patient_17,120
Patient_17,121
Patient_17,122
Patient_17,123
Patient_17,124
Patient_17,125
Patient_17,126
Patient_17,127
Patient_17,128
Patient_17,129
Patient_17,130
Patient_17,131
Patient_17,132
Patient_17,133
Patient_17,134
Patient_17,135
Patient_17,136
Patient_17,137
Patient_17,138
Patient_17,139
Patient_17,140
Patient_17,141
Patient_17,142
Patient_17,143
Patient_17,144
Patient_17,145
Patient_17,146
Patient_17,147
Patient_17,148
Patient_17,149
Patient_17,150
Patient_17,151
Patient_17,152
Patient_17,153
Patient_17,154
Patient_17,155
Patient_17,156
Patient_17,157
Patient_17,158
Patient_17,159
Patient_17,160
Patient_17,161
Patient_17,162
Patient_17,163
Patient_17,164
Patient_17,165
Patient_18,0
Patient_18,1
Patient_18,2
Patient_18,3
Patient_18,4
Patient_18,5
Patient_18,6
Patient_18,7
Patient_18,8
Patient_18,9
Patient_18,10
Patient_18,11
Patient_18,12
Patient_18,13
Patient_18,14
Patient_18,15
Patient_18,16
Patient_18,17
Patient_18,18
Patient_18,19
Patient_18,20
Patient_18,21
Patient_18,22
Patient_18,23
Patient_18,24
Patient_18,25
Patient_18,26
Patient_18,27
Patient_18,28
Patient_18,29
Patient_18,30
Patient_18,31
Patient_18,32
Patient_18,33
Patient_18,34
Patient_18,35
Patient_18,36
Patient_18,37
Patient_18,38
Patient_18,39
Patient_18,40
Patient_18,41
Patient_18,42
Patient_18,43
Patient_18,44
Patient_18,45
Patient_18,46
Patient_18,47
Patient_18,48
Patient_18,49
Patient_18,50
Patient_18,51
Patient_18,52
Patient_18,53
Patient_18,54
Patient_18,55
Patient_18,56
Patient_18,57
Patient_18,58
Patient_18,59
Patient_18,60
Patient_18,61
Patient_18,62
Patient_18,63
Patient_18,64
Patient_18,65
Patient_18,66
Patient_18,67
Patient_18,68
Patient_18,69
Patient_18,70
Patient_18,71
Patient_18,72
Patient_18,73
Patient_18,74
Patient_18,75
Patient_18,76
Patient_18,77
Patient_18,78
Patient_18,79
Patient_18,80
Patient_18,81
Patient_18,82
Patient_18,83
Patient_18,84
Patient_18,85
Patient_18,86
Patient_18,87
Patient_18,88
Patient_18,89
Patient_18,90
Patient_18,91
Patient_18,92
Patient_18,93
Patient_18,94
Patient_18,95
Patient_18,96
Patient_18,97
Patient_18,98
Patient_18,99
Patient_18,100
Patient_18,101
Patient_18,102
Patient_18,103
Patient_18,104
Patient_18,105
Patient_18,106
Patient_18,107
Patient_18,108
Patient_18,109
Patient_18,110
Patient_18,111
Patient_18,112
Patient_18,113
Patient_18,114
Patient_18,115
Patient_18,116
Patient_18,117
Patient_18,118
Patient_18,119
Patient_18,120
Patient_18,121
Patient_18,122
Patient_18,123
Patient_18,124
Patient_18,125
Patient_18,126
Patient_18,127
Patient_18,128
Patient_18,129
Patient_18,130
Patient_18,131
Patient_18,132
Patient_18,133
Patient_18,134
Patient_18,135
Patient_18,136
Patient_18,137
Patient_18,138
Patient_18,139
Patient_18,140
Patient_18,141
Patient_18,142
Patient_18,143
Patient_18,144
Patient_18,145
Patient_18,146
Patient_18,147
Patient_18,148
Patient_18,149
Patient_18,150
Patient_18,151
Patient_18,152
Patient_18,153
Patient_18,154
Patient_18,155
Patient_18,156
Patient_18,157
Patient_18,158
Patient_18,159
Patient_18,160
Patient_18,161
Patient_18,162
Patient_18,163
Patient_18,164
Patient_18,165
Patient_18,166
Patient_18,167
Patient_18,168
Patient_18,169
Patient_18,170
Patient_18,171
Patient_18,172
Patient_18,173
Patient_18,174
Patient_18,175
Patient_18,176
Patient_18,177
Patient_18,178
Patient_18,179
Patient_18,180
Patient_18,181
Patient_18,182
Patient_19,0
Patient_19,1
Patient_19,2
Patient_19,3
Patient_19,4
Patient_19,5
Patient_19,6
Patient_19,7
Patient_19,8
Patient_19,9
Patient_19,10
Patient_19,11
Patient_19,12
Patient_19,13
Patient_19,14
Patient_19,15
Patient_19,16
Patient_19,17
Patient_19,18
Patient_19,19
Patient_19,20
Patient_19,21
Patient_19,22
Patient_19,23
Patient_19,24
Patient_19,25
Patient_19,26
Patient_19,27
Patient_19,28
Patient_19,29
Patient_19,30
Patient_19,31
Patient_19,32
Patient_19,33
Patient_19,34
Patient_19,35
Patient_19,36
Patient_19,37
Patient_19,38
Patient_19,39
Patient_19,40
Patient_19,41
Patient_19,42
Patient_19,43
Patient_19,44
Patient_19,45
Patient_19,46
Patient_19,47
Patient_19,48
Patient_19,49
Patient_19,50
Patient_19,51
Patient_19,52
Patient_19,53
Patient_19,54
Patient_19,55
Patient_19,56
Patient_19,57
Patient_19,58
Patient_19,59
Patient_19,60
Patient_19,61
Patient_19,62
Patient_19,63
Patient_19,64
Patient_19,65
Patient_19,66
Patient_19,67
Patient_19,68
Patient_19,69
Patient_19,70
Patient_19,71
Patient_19,72
Patient_19,73
Patient_19,74
Patient_19,75
Patient_19,76
Patient_19,77
Patient_19,78
Patient_19,79
Patient_19,80
Patient_19,81
Patient_19,82
Patient_19,83
Patient_19,84
Patient_19,85
Patient_19,86
Patient_19,87
Patient_19,88
Patient_19,89
Patient_19,90
Patient_19,91
Patient_19,92
Patient_19,93
Patient_19,94
Patient_19,95
Patient_19,96
Patient_19,97
Patient_19,98
Patient_19,99
Patient_19,100
Patient_19,101
Patient_19,102
Patient_19,103
Patient_19,104
Patient_19,105
Patient_19,106
Patient_19,107
Patient_19,108
Patient_19,109
Patient_19,110
Patient_19,111
Patient_19,112
Patient_19,113
Patient_19,114
Patient_19,115
Patient_19,116
Patient_19,117
Patient_19,118
Patient_19,119
Patient_19,120
Patient_19,121
Patient_19,122
Patient_19,123
Patient_19,124
Patient_19,125
Patient_19,126
Patient_19,127
Patient_19,128
Patient_19,129
Patient_19,130
Patient_19,131
Patient_19,132
Patient_19,133
Patient_19,134
Patient_19,135
Patient_19,136
Patient_19,137
Patient_19,138
Patient_19,139
Patient_19,140
Patient_19,141
Patient_19,142
Patient_19,143
Patient_19,144
Patient_19,145
Patient_19,146
Patient_19,147
Patient_19,148
Patient_19,149
Patient_19,150
Patient_19,151
Patient_19,152
Patient_19,153
Patient_19,154
Patient_19,155
Patient_19,156
Patient_19,157
Patient_19,158
Patient_19,159
Patient_19,160
Patient_19,161
Patient_19,162
Patient_19,163
Patient_19,164
Patient_19,165
Patient_19,166
Patient_19,167
Patient_19,168
Patient_19,169
Patient_19,170
Patient_19,171
Patient_19,172
Patient_19,173
Patient_19,174
Patient_19,175
Patient_19,176
Patient_19,177
Patient_19,178
Patient_19,179
Patient_19,180
Patient_19,181
Patient_19,182
Patient_19,183
Patient_19,184
Patient_19,185
Patient_19,186
Patient_19,187
Patient_19,188
Patient_19,189
Patient_20,0
Patient_20,1
Patient_20,2
Patient_20,3
Patient_20,4
Patient_20,5
Patient_20,6
Patient_20,7
Patient_20,8
Patient_20,9
Patient_20,10
Patient_20,11
Patient_20,12
Patient_20,13
Patient_20,14
Patient_20,15
Patient_20,16
Patient_20,17
Patient_20,18
Patient_20,19
Patient_20,20
Patient_20,21
Patient_20,22
Patient_20,23
Patient_20,24
Patient_20,25
Patient_20,26
Patient_20,27
Patient_20,28
Patient_20,29
Patient_20,30
Patient_20,31
Patient_20,32
Patient_20,33
Patient_20,34
Patient_20,35
Patient_20,36
Patient_20,37
Patient_20,38
Patient_20,39
Patient_20,40
Patient_20,41
Patient_20,42
Patient_20,43
Patient_20,44
Patient_20,45
Patient_20,46
Patient_20,47
Patient_20,48
Patient_20,49
Patient_20,50
Patient_20,51
Patient_20,52
Patient_20,53
Patient_20,54
Patient_20,55
Patient_20,56
Patient_20,57
Patient_20,58
Patient_20,59
Patient_20,60
Patient_20,61
Patient_20,62
Patient_20,63
Patient_20,64
Patient_20,65
Patient_20,66
Patient_20,67
Patient_20,68
Patient_20,69
Patient_20,70
Patient_20,71
Patient_20,72
Patient_20,73
Patient_20,74
Patient_20,75
Patient_20,76
Patient_20,77
Patient_20,78
Patient_20,79
Patient_20,80
Patient_20,81
Patient_20,82
Patient_20,83
Patient_20,84
Patient_20,85
Patient_20,86
Patient_20,87
Patient_20,88
Patient_20,89
Patient_20,90
Patient_20,91
Patient_20,92
Patient_20,93
Patient_20,94
Patient_20,95
Patient_20,96
Patient_20,97
Patient_20,98
Patient_20,99
Patient_20,100
Patient_20,101
Patient_20,102
Patient_20,103
Patient_20,104
Patient_20,105
Patient_20,106
Patient_20,107
Patient_20,108
Patient_20,109
Patient_20,110
Patient_20,111
Patient_20,112
Patient_20,113
Patient_20,114
Patient_20,115
Patient_20,116
Patient_20,117
Patient_20,118
Patient_20,119
Patient_20,120
Patient_20,121
Patient_20,122
Patient_20,123
Patient_20,124
Patient_20,125
Patient_20,126
Patient_20,127
Patient_20,128
Patient_20,129
Patient_20,130
Patient_20,131
Patient_20,132
Patient_20,133
Patient_20,134
Patient_20,135
Patient_20,136
Patient_20,137
Patient_20,138
Patient_20,139
Patient_20,140
Patient_20,141
Patient_20,142
Patient_20,143
Patient_20,144
Patient_20,145
Patient_20,146
Patient_20,147
Patient_20,148
Patient_20,149
Patient_20,150
Patient_20,151
Patient_20,152
Patient_20,153
Patient_20,154
Patient_20,155
Patient_20,156
Patient_20,157
Patient_20,158
Patient_20,159
Patient_20,160
Patient_20,161
Patient_20,162
Patient_20,163
Patient_20,164
Patient_20,165
Patient_20,166
Patient_20,167
Patient_20,168
Patient_20,169
Patient_20,170
Patient_20,171
Patient_20,172
Patient_20,173
Patient_20,174
Patient_20,175
Patient_20,176
Patient_20,177
Patient_20,178
Patient_20,179
Patient_20,180
Patient_20,181
Patient_20,182
Patient_20,183
Patient_20,184
Patient_20,185
Patient_20,186
Patient_20,187
Patient_20,188
Patient_20,189
Patient_20,190
Patient_20,191
Patient_20,192
Patient_20,193
Patient_20,194
Patient_20,195
Patient_20,196
Patient_20,197
Patient_20,198
Patient_20,199
Patient_20,200
Patient_20,201
Patient_20,202
Patient_20,203
Patient_20,204
Patient_20,205
Patient_21,0
Patient_21,1
Patient_21,2
Patient_21,3
Patient_21,4
Patient_21,5
Patient_21,6
Patient_21,7
Patient_21,8
Patient_21,9
Patient_21,10
Patient_21,11
Patient_21,12
Patient_21,13
Patient_21,14
Patient_21,15
Patient_21,16
Patient_21,17
Patient_21,18
Patient_21,19
Patient_21,20
Patient_21,21
Patient_21,22
Patient_21,23
Patient_21,24
Patient_21,25
Patient_21,26
Patient_21,27
Patient_21,28
Patient_21,29
Patient_21,30
Patient_21,31
Patient_21,32
Patient_21,33
Patient_21,34
Patient_21,35
Patient_21,36
Patient_21,37
Patient_21,38
Patient_21,39
Patient_21,40
Patient_21,41
Patient_21,42
Patient_21,43
Patient_21,44
Patient_21,45
Patient_21,46
Patient_21,47
Patient_21,48
Patient_21,49
Patient_21,50
Patient_21,51
Patient_21,52
Patient_21,53
Patient_21,54
Patient_21,55
Patient_21,56
Patient_21,57
Patient_21,58
Patient_21,59
Patient_21,60
Patient_21,61
Patient_21,62
Patient_21,63
Patient_21,64
Patient_21,65
Patient_21,66
Patient_21,67
Patient_21,68
Patient_21,69
Patient_21,70
Patient_21,71
Patient_21,72
Patient_21,73
Patient_21,74
Patient_21,75
Patient_21,76
Patient_21,77
Patient_21,78
Patient_21,79
Patient_21,80
Patient_21,81
Patient_21,82
Patient_21,83
Patient_21,84
Patient_21,85
Patient_21,86
Patient_21,87
Patient_21,88
Patient_21,89
Patient_21,90
Patient_21,91
Patient_21,92
Patient_21,93
Patient_21,94
Patient_21,95
Patient_21,96
Patient_21,97
Patient_21,98
Patient_21,99
Patient_21,100
Patient_21,101
Patient_21,102
Patient_21,103
Patient_21,104
Patient_21,105
Patient_21,106
Patient_21,107
Patient_21,108
Patient_21,109
Patient_21,110
Patient_21,111
Patient_21,112
Patient_21,113
Patient_21,114
Patient_21,115
Patient_21,116
Patient_21,117
Patient_21,118
Patient_21,119
Patient_21,120
Patient_21,121
Patient_21,122
Patient_21,123
Patient_21,124
Patient_21,125
Patient_21,126
Patient_21,127
Patient_21,128
Patient_21,129
Patient_21,130
Patient_21,131
Patient_21,132
Patient_21,133
Patient_21,134
Patient_21,135
Patient_21,136
Patient_21,137
Patient_21,138
Patient_21,139
Patient_21,140
Patient_21,141
Patient_21,142
Patient_21,143
Patient_21,144
Patient_21,145
Patient_21,146
Patient_21,147
Patient_21,148
Patient_21,149
Patient_21,150
Patient_21,151
Patient_21,152
Patient_21,153
Patient_21,154
Patient_21,155
Patient_21,156
Patient_21,157
Patient_22,0
Patient_22,1
Patient_22,2
Patient_22,3
Patient_22,4
Patient_22,5
Patient_22,6
Patient_22,7
Patient_22,8
Patient_22,9
Patient_22,10
Patient_22,11
Patient_22,12
Patient_22,13
Patient_22,14
Patient_22,15
Patient_22,16
Patient_22,17
Patient_22,18
Patient_22,19
Patient_22,20
Patient_22,21
Patient_22,22
Patient_22,23
Patient_22,24
Patient_22,25
Patient_22,26
Patient_22,27
Patient_22,28
Patient_22,29
Patient_22,30
Patient_22,31
Patient_22,32
Patient_22,33
Patient_22,34
Patient_22,35
Patient_22,36
Patient_22,37
Patient_22,38
Patient_22,39
Patient_22,40
Patient_22,41
Patient_22,42
Patient_22,43
Patient_22,44
Patient_22,45
Patient_22,46
Patient_22,47
Patient_22,48
Patient_22,49
Patient_22,50
Patient_22,51
Patient_22,52
Patient_22,53
Patient_22,54
Patient_22,55
Patient_22,56
Patient_22,57
Patient_22,58
Patient_22,59
Patient_22,60
Patient_22,61
Patient_22,62
Patient_22,63
Patient_22,64
Patient_22,65
Patient_22,66
Patient_22,67
Patient_22,68
Patient_22,69
Patient_22,70
Patient_22,71
Patient_22,72
Patient_22,73
Patient_22,74
Patient_22,75
Patient_22,76
Patient_22,77
Patient_22,78
Patient_22,79
Patient_22,80
Patient_22,81
Patient_22,82
Patient_22,83
Patient_22,84
Patient_22,85
Patient_22,86
Patient_22,87
Patient_22,88
Patient_22,89
Patient_22,90
Patient_22,91
Patient_22,92
Patient_22,93
Patient_22,94
Patient_22,95
Patient_22,96
Patient_22,97
Patient_22,98
Patient_22,99
Patient_22,100
Patient_22,101
Patient_22,102
Patient_22,103
Patient_22,104
Patient_22,105
Patient_22,106
Patient_22,107
Patient_22,108
Patient_22,109
Patient_22,110
Patient_22,111
Patient_22,112
Patient_22,113
Patient_22,114
Patient_22,115
Patient_22,116
Patient_22,117
Patient_22,118
Patient_22,119
Patient_22,120
Patient_22,121
Patient_22,122
Patient_22,123
Patient_22,124
Patient_22,125
Patient_22,126
Patient_22,127
Patient_22,128
Patient_22,129
Patient_22,130
Patient_22,131
Patient_22,132
Patient_22,133
Patient_22,134
Patient_22,135
Patient_22,136
Patient_22,137
Patient_22,138
Patient_22,139
Patient_22,140
Patient_22,141
Patient_22,142
Patient_22,143
Patient_22,144
Patient_22,145
Patient_22,146
Patient_22,147
Patient_22,148
Patient_22,149
Patient_22,150
Patient_22,151
Patient_22,152
Patient_22,153
Patient_22,154
Patient_22,155
Patient_22,156
Patient_22,157
Patient_22,158
Patient_22,159
Patient_22,160
Patient_22,161
Patient_22,162
Patient_22,163
Patient_22,164
Patient_22,165
Patient_22,166
Patient_22,167
Patient_22,168
Patient_22,169
Patient_22,170
Patient_22,171
Patient_22,172
Patient_22,173
Patient_22,174
Patient_22,175
Patient_22,176
Patient_22,177
Patient_22,178
Patient_22,179
Patient_22,180
Patient_23,0
Patient_23,1
Patient_23,2
Patient_23,3
Patient_23,4
Patient_23,5
Patient_23,6
Patient_23,7
Patient_23,8
Patient_23,9
Patient_23,10
Patient_23,11
Patient_23,12
Patient_23,13
Patient_23,14
Patient_23,15
Patient_23,16
Patient_23,17
Patient_23,18
Patient_23,19
Patient_23,20
Patient_23,21
Patient_23,22
Patient_23,23
Patient_23,24
Patient_23,25
Patient_23,26
Patient_23,27
Patient_23,28
Patient_23,29
Patient_23,30
Patient_23,31
Patient_23,32
Patient_23,33
Patient_23,34
Patient_23,35
Patient_23,36
Patient_23,37
Patient_23,38
Patient_23,39
Patient_23,40
Patient_23,41
Patient_23,42
Patient_23,43
Patient_23,44
Patient_23,45
Patient_23,46
Patient_23,47
Patient_23,48
Patient_23,49
Patient_23,50
Patient_23,51
Patient_23,52
Patient_23,53
Patient_23,54
Patient_23,55
Patient_23,56
Patient_23,57
Patient_23,58
Patient_23,59
Patient_23,60
Patient_23,61
Patient_23,62
Patient_23,63
Patient_23,64
Patient_23,65
Patient_23,66
Patient_23,67
Patient_23,68
Patient_23,69
Patient_23,70
Patient_23,71
Patient_23,72
Patient_23,73
Patient_23,74
Patient_23,75
Patient_23,76
Patient_23,77
Patient_23,78
Patient_23,79
Patient_23,80
Patient_23,81
Patient_23,82
Patient_23,83
Patient_23,84
Patient_23,85
Patient_23,86
Patient_23,87
Patient_23,88
Patient_23,89
Patient_23,90
Patient_23,91
Patient_23,92
Patient_23,93
Patient_23,94
Patient_23,95
Patient_23,96
Patient_23,97
Patient_23,98
Patient_23,99
Patient_23,100
Patient_23,101
Patient_23,102
Patient_23,103
Patient_23,104
Patient_23,105
Patient_23,106
Patient_23,107
Patient_23,108
Patient_23,109
Patient_23,110
Patient_23,111
Patient_23,112
Patient_23,113
Patient_23,114
Patient_23,115
Patient_23,116
Patient_23,117
Patient_23,118
Patient_23,119
Patient_23,120
Patient_23,121
Patient_23,122
Patient_23,123
Patient_23,124
Patient_23,125
Patient_23,126
Patient_23,127
Patient_23,128
Patient_23,129
Patient_23,130
Patient_23,131
Patient_23,132
Patient_23,133
Patient_23,134
Patient_23,135
Patient_23,136
Patient_23,137
Patient_23,138
Patient_23,139
Patient_23,140
Patient_23,141
Patient_23,142
Patient_23,143
Patient_23,144
Patient_23,145
Patient_23,146
Patient_23,147
Patient_23,148
Patient_23,149
Patient_23,150
Patient_23,151
Patient_23,152
Patient_24,0
Patient_24,1
Patient_24,2
Patient_24,3
Patient_24,4
Patient_24,5
Patient_24,6
Patient_24,7
Patient_24,8
Patient_24,9
Patient_24,10
Patient_24,11
Patient_24,12
Patient_24,13
Patient_24,14
Patient_24,15
Patient_24,16
Patient_24,17
Patient_24,18
Patient_24,19
Patient_24,20
Patient_24,21
Patient_24,22
Patient_24,23
Patient_24,24
Patient_24,25
Patient_24,26
Patient_24,27
Patient_24,28
Patient_24,29
Patient_24,30
Patient_24,31
Patient_24,32
Patient_24,33
Patient_24,34
Patient_24,35
Patient_24,36
Patient_24,37
Patient_24,38
Patient_24,39
Patient_24,40
Patient_24,41
Patient_24,42
Patient_24,43
Patient_24,44
Patient_24,45
Patient_24,46
Patient_24,47
Patient_24,48
Patient_24,49
Patient_24,50
Patient_24,51
Patient_24,52
Patient_24,53
Patient_24,54
Patient_24,55
Patient_24,56
Patient_24,57
Patient_24,58
Patient_24,59
Patient_24,60
Patient_24,61
Patient_24,62
Patient_24,63
Patient_24,64
Patient_24,65
Patient_24,66
Patient_24,67
Patient_24,68
Patient_24,69
Patient_24,70
Patient_24,71
Patient_24,72
Patient_24,73
Patient_24,74
Patient_24,75
Patient_24,76
Patient_24,77
Patient_24,78
Patient_24,79
Patient_24,80
Patient_24,81
Patient_24,82
Patient_24,83
Patient_24,84
Patient_24,85
Patient_24,86
Patient_24,87
Patient_24,88
Patient_24,89
Patient_24,90
Patient_24,91
Patient_24,92
Patient_24,93
Patient_24,94
Patient_24,95
Patient_24,96
Patient_24,97
Patient_24,98
Patient_24,99
Patient_24,100
Patient_24,101
Patient_24,102
Patient_24,103
Patient_24,104
Patient_24,105
Patient_24,106
Patient_24,107
Patient_24,108
Patient_24,109
Patient_24,110
Patient_24,111
Patient_24,112
Patient_24,113
Patient_24,114
Patient_24,115
Patient_24,116
Patient_24,117
Patient_24,118
Patient_24,119
Patient_24,120
Patient_24,121
Patient_24,122
Patient_24,123
Patient_24,124
Patient_24,125
Patient_24,126
Patient_24,127
Patient_24,128
Patient_24,129
Patient_24,130
Patient_24,131
Patient_24,132
Patient_24,133
Patient_24,134
Patient_24,135
Patient_24,136
Patient_24,137
Patient_24,138
Patient_24,139
Patient_24,140
Patient_24,141
Patient_24,142
Patient_24,143
Patient_24,144
Patient_24,145
Patient_24,146
Patient_24,147
Patient_24,148
Patient_24,149
Patient_24,150
Patient_24,151
Patient_24,152
Patient_24,153
Patient_24,154
Patient_24,155
Patient_24,156
Patient_24,157
Patient_24,158
Patient_24,159
Patient_24,160
Patient_24,161
Patient_24,162
Patient_24,163
Patient_24,164
Patient_24,165
Patient_24,166
Patient_24,167
Patient_25,0
Patient_25,1
Patient_25,2
Patient_25,3
Patient_25,4
Patient_25,5
Patient_25,6
Patient_25,7
Patient_25,8
Patient_25,9
Patient_25,10
Patient_25,11
Patient_25,12
Patient_25,13
Patient_25,14
Patient_25,15
Patient_25,16
Patient_25,17
Patient_25,18
Patient_25,19
Patient_25,20
Patient_25,21
Patient_25,22
Patient_25,23
Patient_25,24
Patient_25,25
Patient_25,26
Patient_25,27
Patient_25,28
Patient_25,29
Patient_25,30
Patient_25,31
Patient_25,32
Patient_25,33
Patient_25,34
Patient_25,35
Patient_25,36
Patient_25,37
Patient_25,38
Patient_25,39
Patient_25,40
Patient_25,41
Patient_25,42
Patient_25,43
Patient_25,44
Patient_25,45
Patient_25,46
Patient_25,47
Patient_25,48
Patient_25,49
Patient_25,50
Patient_25,51
Patient_25,52
Patient_25,53
Patient_25,54
Patient_25,55
Patient_25,56
Patient_25,57
Patient_25,58
Patient_25,59
Patient_25,60
Patient_25,61
Patient_25,62
Patient_25,63
Patient_25,64
Patient_25,65
Patient_25,66
Patient_25,67
Patient_25,68
Patient_25,69
Patient_25,70
Patient_25,71
Patient_25,72
Patient_25,73
Patient_25,74
Patient_25,75
Patient_25,76
Patient_25,77
Patient_25,78
Patient_25,79
Patient_25,80
Patient_25,81
Patient_25,82
Patient_25,83
Patient_25,84
Patient_25,85
Patient_25,86
Patient_25,87
Patient_25,88
Patient_25,89
Patient_25,90
Patient_25,91
Patient_25,92
Patient_25,93
Patient_25,94
Patient_25,95
Patient_25,96
Patient_25,97
Patient_25,98
Patient_25,99
Patient_25,100
Patient_25,101
Patient_25,102
Patient_25,103
Patient_25,104
Patient_25,105
Patient_25,106
Patient_25,107
Patient_25,108
Patient_25,109
Patient_25,110
Patient_25,111
Patient_25,112
Patient_25,113
Patient_25,114
Patient_25,115
Patient_25,116
Patient_25,117
Patient_25,118
Patient_25,119
Patient_25,120
Patient_25,121
Patient_25,122
Patient_25,123
Patient_25,124
Patient_25,125
Patient_25,126
Patient_25,127
Patient_25,128
Patient_25,129
Patient_25,130
Patient_25,131
Patient_25,132
Patient_25,133
Patient_25,134
Patient_25,135
Patient_25,136
Patient_25,137
Patient_25,138
Patient_25,139
Patient_25,140
Patient_25,141
Patient_25,142
Patient_25,143
Patient_25,144
Patient_25,145
Patient_25,146
Patient_25,147
Patient_25,148
Patient_25,149
Patient_26,0
Patient_26,1
Patient_26,2
Patient_26,3
Patient_26,4
Patient_26,5
Patient_26,6
Patient_26,7
Patient_26,8
Patient_26,9
Patient_26,10
Patient_26,11
Patient_26,12
Patient_26,13
Patient_26,14
Patient_26,15
Patient_26,16
Patient_26,17
Patient_26,18
Patient_26,19
Patient_26,20
Patient_26,21
Patient_26,22
Patient_26,23
Patient_26,24
Patient_26,25
Patient_26,26
Patient_26,27
Patient_26,28
Patient_26,29
Patient_26,30
Patient_26,31
Patient_26,32
Patient_26,33
Patient_26,34
Patient_26,35
Patient_26,36
Patient_26,37
Patient_26,38
Patient_26,39
Patient_26,40
Patient_26,41
Patient_26,42
Patient_26,43
Patient_26,44
Patient_26,45
Patient_26,46
Patient_26,47
Patient_26,48
Patient_26,49
Patient_26,50
Patient_26,51
Patient_26,52
Patient_26,53
Patient_26,54
Patient_26,55
Patient_26,56
Patient_26,57
Patient_26,58
Patient_26,59
Patient_26,60
Patient_26,61
Patient_26,62
Patient_26,63
Patient_26,64
Patient_26,65
Patient_26,66
Patient_26,67
Patient_26,68
Patient_26,69
Patient_26,70
Patient_26,71
Patient_26,72
Patient_26,73
Patient_26,74
Patient_26,75
Patient_26,76
Patient_26,77
Patient_26,78
Patient_26,79
Patient_26,80
Patient_26,81
Patient_26,82
Patient_26,83
Patient_26,84
Patient_26,85
Patient_26,86
Patient_26,87
Patient_26,88
Patient_26,89
Patient_26,90
Patient_26,91
Patient_26,92
Patient_26,93
Patient_26,94
Patient_26,95
Patient_26,96
Patient_26,97
Patient_26,98
Patient_26,99
Patient_26,100
Patient_26,101
Patient_26,102
Patient_26,103
Patient_26,104
Patient_26,105
Patient_26,106
Patient_26,107
Patient_26,108
Patient_26,109
Patient_26,110
Patient_26,111
Patient_26,112
Patient_26,113
Patient_26,114
Patient_26,115
Patient_26,116
Patient_26,117
Patient_26,118
Patient_26,119
Patient_26,120
Patient_26,121
Patient_26,122
Patient_26,123
Patient_26,124
Patient_26,125
Patient_26,126
Patient_26,127
Patient_26,128
Patient_26,129
Patient_26,130
Patient_26,131
Patient_26,132
Patient_26,133
Patient_26,134
Patient_26,135
Patient_26,136
Patient_26,137
Patient_26,138
Patient_26,139
Patient_26,140
Patient_26,141
Patient_26,142
Patient_26,143
Patient_26,144
Patient_26,145
Patient_26,146
Patient_26,147
Patient_26,148
Patient_26,149
Patient_26,150
Patient_26,151
Patient_26,152
Patient_26,153
Patient_26,154
Patient_26,155
Patient_26,156
Patient_26,157
Patient_26,158
Patient_26,159
Patient_26,160
Patient_26,161
Patient_26,162
Patient_26,163
Patient_26,164
Patient_26,165
Patient_26,166
Patient_26,167
Patient_26,168
Patient_26,169
Patient_26,170
Patient_26,171
Patient_26,172
Patient_26,173
Patient_26,174
Patient_26,175
Patient_26,176
Patient_26,177
Patient_26,178
Patient_26,179
Patient_26,180
Patient_26,181
Patient_26,182
Patient_26,183
Patient_26,184
Patient_26,185
Patient_26,186
Patient_26,187
Patient_26,188
Patient_26,189
Patient_26,190
Patient_26,191
Patient_26,192
Patient_26,193
Patient_26,194
Patient_26,195
Patient_26,196
Patient_26,197
Patient_26,198
Patient_26,199
Patient_26,200
Patient_26,201
Patient_26,202
Patient_26,203
Patient_26,204
Patient_26,205
Patient_26,206
Patient_26,207
Patient_26,208
Patient_26,209
Patient_26,210
Patient_26,211
Patient_26,212
Patient_26,213
Patient_26,214
Patient_26,215
Patient_26,216
Patient_26,217
Patient_26,218
Patient_26,219
Patient_26,220
Patient_26,221
Patient_26,222
Patient_26,223
Patient_26,224
Patient_26,225
Patient_26,226
Patient_26,227
Patient_26,228
Patient_26,229
Patient_26,230
Patient_26,231
Patient_26,232
Patient_26,233
Patient_26,234
Patient_26,235
Patient_26,236
Patient_26,237
Patient_26,238
Patient_26,239
Patient_26,240
Patient_26,241
Patient_26,242
Patient_26,243
Patient_26,244
Patient_26,245
Patient_26,246
Patient_27,0
Patient_27,1
Patient_27,2
Patient_27,3
Patient_27,4
Patient_27,5
Patient_27,6
Patient_27,7
Patient_27,8
Patient_27,9
Patient_27,10
Patient_27,11
Patient_27,12
Patient_27,13
Patient_27,14
Patient_27,15
Patient_27,16
Patient_27,17
Patient_27,18
Patient_27,19
Patient_27,20
Patient_27,21
Patient_27,22
Patient_27,23
Patient_27,24
Patient_27,25
Patient_27,26
Patient_27,27
Patient_27,28
Patient_27,29
Patient_27,30
Patient_27,31
Patient_27,32
Patient_27,33
Patient_27,34
Patient_27,35
Patient_27,36
Patient_27,37
Patient_27,38
Patient_27,39
Patient_27,40
Patient_27,41
Patient_27,42
Patient_27,43
Patient_27,44
Patient_27,45
Patient_27,46
Patient_27,47
Patient_27,48
Patient_27,49
Patient_27,50
Patient_27,51
Patient_27,52
Patient_27,53
Patient_27,54
Patient_27,55
Patient_27,56
Patient_27,57
Patient_27,58
Patient_27,59
Patient_27,60
Patient_27,61
Patient_27,62
Patient_27,63
Patient_27,64
Patient_27,65
Patient_27,66
Patient_27,67
Patient_27,68
Patient_27,69
Patient_27,70
Patient_27,71
Patient_27,72
Patient_27,73
Patient_27,74
Patient_27,75
Patient_27,76
Patient_27,77
Patient_27,78
Patient_27,79
Patient_27,80
Patient_27,81
Patient_27,82
Patient_27,83
Patient_27,84
Patient_27,85
Patient_27,86
Patient_27,87
Patient_27,88
Patient_27,89
Patient_27,90
Patient_27,91
Patient_27,92
Patient_27,93
Patient_27,94
Patient_27,95
Patient_27,96
Patient_27,97
Patient_27,98
Patient_27,99
Patient_27,100
Patient_27,101
Patient_27,102
Patient_27,103
Patient_27,104
Patient_27,105
Patient_27,106
Patient_27,107
Patient_27,108
Patient_27,109
Patient_27,110
Patient_27,111
Patient_27,112
Patient_27,113
Patient_27,114
Patient_27,115
Patient_27,116
Patient_27,117
Patient_27,118
Patient_27,119
Patient_27,120
Patient_27,121
Patient_27,122
Patient_27,123
Patient_27,124
Patient_27,125
Patient_27,126
Patient_27,127
Patient_27,128
Patient_27,129
Patient_27,130
Patient_27,131
Patient_27,132
Patient_27,133
Patient_27,134
Patient_27,135
Patient_27,136
Patient_27,137
Patient_27,138
Patient_27,139
Patient_27,140
Patient_27,141
Patient_27,142
Patient_27,143
Patient_27,144
Patient_27,145
Patient_27,146
Patient_27,147
Patient_27,148
Patient_27,149
Patient_27,150
Patient_27,151
Patient_27,152
Patient_27,153
Patient_27,154
Patient_27,155
Patient_27,156
Patient_27,157
Patient_27,158
Patient_27,159
Patient_27,160
Patient_27,161
Patient_27,162
Patient_27,163
Patient_27,164
Patient_27,165
Patient_27,166
Patient_27,167
Patient_27,168
Patient_27,169
Patient_27,170
Patient_27,171
Patient_27,172
Patient_27,173
Patient_27,174
Patient_27,175
Patient_27,176
Patient_27,177
Patient_27,178
Patient_27,179
Patient_27,180
Patient_27,181
Patient_27,182
Patient_27,183
Patient_27,184
Patient_27,185
Patient_27,186
Patient_27,187
Patient_27,188
Patient_27,189
Patient_27,190
Patient_27,191
Patient_27,192
Patient_27,193
Patient_27,194
Patient_27,195
Patient_27,196
Patient_27,197
Patient_27,198
Patient_27,199
Patient_27,200
Patient_27,201
Patient_27,202
Patient_27,203
Patient_27,204
Patient_27,205
Patient_27,206
Patient_27,207
Patient_27,208
Patient_27,209
Patient_27,210
Patient_27,211
Patient_27,212
Patient_28,0
Patient_28,1
Patient_28,2
Patient_28,3
Patient_28,4
Patient_28,5
Patient_28,6
Patient_28,7
Patient_28,8
Patient_28,9
Patient_28,10
Patient_28,11
Patient_28,12
Patient_28,13
Patient_28,14
Patient_28,15
Patient_28,16
Patient_28,17
Patient_28,18
Patient_28,19
Patient_28,20
Patient_28,21
Patient_28,22
Patient_28,23
Patient_28,24
Patient_28,25
Patient_28,26
Patient_28,27
Patient_28,28
Patient_28,29
Patient_28,30
Patient_28,31
Patient_28,32
Patient_28,33
Patient_28,34
Patient_28,35
Patient_28,36
Patient_28,37
Patient_28,38
Patient_28,39
Patient_28,40
Patient_28,41
Patient_28,42
Patient_28,43
Patient_28,44
Patient_28,45
Patient_28,46
Patient_28,47
Patient_28,48
Patient_28,49
Patient_28,50
Patient_28,51
Patient_28,52
Patient_28,53
Patient_28,54
Patient_28,55
Patient_28,56
Patient_28,57
Patient_28,58
Patient_28,59
Patient_28,60
Patient_28,61
Patient_28,62
Patient_28,63
Patient_28,64
Patient_28,65
Patient_28,66
Patient_28,67
Patient_28,68
Patient_28,69
Patient_28,70
Patient_28,71
Patient_28,72
Patient_28,73
Patient_28,74
Patient_28,75
Patient_28,76
Patient_28,77
Patient_28,78
Patient_28,79
Patient_28,80
Patient_28,81
Patient_28,82
Patient_28,83
Patient_28,84
Patient_28,85
Patient_28,86
Patient_28,87
Patient_28,88
Patient_28,89
Patient_28,90
Patient_28,91
Patient_28,92
Patient_28,93
Patient_28,94
Patient_28,95
Patient_28,96
Patient_28,97
Patient_28,98
Patient_28,99
Patient_28,100
Patient_28,101
Patient_28,102
Patient_28,103
Patient_28,104
Patient_28,105
Patient_28,106
Patient_28,107
Patient_28,108
Patient_28,109
Patient_28,110
Patient_28,111
Patient_28,112
Patient_28,113
Patient_28,114
Patient_28,115
Patient_28,116
Patient_28,117
Patient_28,118
Patient_28,119
Patient_28,120
Patient_28,121
Patient_28,122
Patient_28,123
Patient_28,124
Patient_28,125
Patient_28,126
Patient_28,127
Patient_28,128
Patient_28,129
Patient_28,130
Patient_28,131
Patient_28,132
Patient_28,133
Patient_28,134
Patient_28,135
Patient_28,136
Patient_28,137
Patient_28,138
Patient_28,139
Patient_28,140
Patient_28,141
Patient_28,142
Patient_28,143
Patient_28,144
Patient_28,145
Patient_28,146
Patient_28,147
Patient_28,148
Patient_28,149
Patient_28,150
Patient_28,151
Patient_28,152
Patient_28,153
Patient_28,154
Patient_28,155
Patient_28,156
Patient_28,157
Patient_28,158
Patient_28,159
Patient_28,160
Patient_28,161
Patient_28,162
Patient_28,163
Patient_28,164
Patient_28,165
Patient_28,166
Patient_28,167
Patient_28,168
Patient_28,169
Patient_28,170
Patient_28,171
Patient_28,172
Patient_28,173
Patient_28,174
Patient_28,175
Patient_28,176
Patient_28,177
Patient_28,178
Patient_29,0
Patient_29,1
Patient_29,2
Patient_29,3
Patient_29,4
Patient_29,5
Patient_29,6
Patient_29,7
Patient_29,8
Patient_29,9
Patient_29,10
Patient_29,11
Patient_29,12
Patient_29,13
Patient_29,14
Patient_29,15
Patient_29,16
Patient_29,17
Patient_29,18
Patient_29,19
Patient_29,20
Patient_29,21
Patient_29,22
Patient_29,23
Patient_29,24
Patient_29,25
Patient_29,26
Patient_29,27
Patient_29,28
Patient_29,29
Patient_29,30
Patient_29,31
Patient_29,32
Patient_29,33
Patient_29,34
Patient_29,35
Patient_29,36
Patient_29,37
Patient_29,38
Patient_29,39
Patient_29,40
Patient_29,41
Patient_29,42
Patient_29,43
Patient_29,44
Patient_29,45
Patient_29,46
Patient_29,47
Patient_29,48
Patient_29,49
Patient_29,50
Patient_29,51
Patient_29,52
Patient_29,53
Patient_29,54
Patient_29,55
Patient_29,56
Patient_29,57
Patient_29,58
Patient_29,59
Patient_29,60
Patient_29,61
Patient_29,62
Patient_29,63
Patient_29,64
Patient_29,65
Patient_29,66
Patient_29,67
Patient_29,68
Patient_29,69
Patient_29,70
Patient_29,71
Patient_29,72
Patient_29,73
Patient_29,74
Patient_29,75
Patient_29,76
Patient_29,77
Patient_29,78
Patient_29,79
Patient_29,80
Patient_29,81
Patient_29,82
Patient_29,83
Patient_29,84
Patient_29,85
Patient_29,86
Patient_29,87
Patient_29,88
Patient_29,89
Patient_29,90
Patient_29,91
Patient_29,92
Patient_29,93
Patient_29,94
Patient_29,95
Patient_29,96
Patient_29,97
Patient_29,98
Patient_29,99
Patient_29,100
Patient_29,101
Patient_29,102
Patient_29,103
Patient_29,104
Patient_29,105
Patient_29,106
Patient_29,107
Patient_29,108
Patient_29,109
Patient_29,110
Patient_29,111
Patient_29,112
Patient_29,113
Patient_29,114
Patient_29,115
Patient_29,116
Patient_29,117
Patient_29,118
Patient_29,119
Patient_29,120
Patient_29,121
Patient_29,122
Patient_29,123
Patient_29,124
Patient_29,125
Patient_29,126
Patient_29,127
Patient_29,128
Patient_29,129
Patient_29,130
Patient_29,131
Patient_29,132
Patient_29,133
Patient_29,134
Patient_29,135
Patient_29,136
Patient_29,137
Patient_29,138
Patient_29,139
Patient_29,140
Patient_29,141
Patient_29,142
Patient_29,143
Patient_29,144
Patient_29,145
Patient_29,146
Patient_29,147
Patient_29,148
Patient_29,149
Patient_29,150
Patient_29,151
Patient_29,152
Patient_29,153
Patient_29,154
Patient_29,155
Patient_29,156
Patient_29,157
Patient_29,158
Patient_29,159
Patient_29,160
Patient_29,161
Patient_29,162
Patient_29,163
Patient_29,164
Patient_29,165
Patient_29,166
Patient_29,167
Patient_29,168
Patient_29,169
Patient_29,170
Patient_29,171
Patient_29,172
Patient_30,0
Patient_30,1
Patient_30,2
Patient_30,3
Patient_30,4
Patient_30,5
Patient_30,6
Patient_30,7
Patient_30,8
Patient_30,9
Patient_30,10
Patient_30,11
Patient_30,12
Patient_30,13
Patient_30,14
Patient_30,15
Patient_30,16
Patient_30,17
Patient_30,18
Patient_30,19
Patient_30,20
Patient_30,21
Patient_30,22
Patient_30,23
Patient_30,24
Patient_30,25
Patient_30,26
Patient_30,27
Patient_30,28
Patient_30,29
Patient_30,30
Patient_30,31
Patient_30,32
Patient_30,33
Patient_30,34
Patient_30,35
Patient_30,36
Patient_30,37
Patient_30,38
Patient_30,39
Patient_30,40
Patient_30,41
Patient_30,42
Patient_30,43
Patient_30,44
Patient_30,45
Patient_30,46
Patient_30,47
Patient_30,48
Patient_30,49
Patient_30,50
Patient_30,51
Patient_30,52
Patient_30,53
Patient_30,54
Patient_30,55
Patient_30,56
Patient_30,57
Patient_30,58
Patient_30,59
Patient_30,60
Patient_30,61
Patient_30,62
Patient_30,63
Patient_30,64
Patient_30,65
Patient_30,66
Patient_30,67
Patient_30,68
Patient_30,69
Patient_30,70
Patient_30,71
Patient_30,72
Patient_30,73
Patient_30,74
Patient_30,75
Patient_30,76
Patient_30,77
Patient_30,78
Patient_30,79
Patient_30,80
Patient_30,81
Patient_30,82
Patient_30,83
Patient_30,84
Patient_30,85
Patient_30,86
Patient_30,87
Patient_30,88
Patient_30,89
Patient_30,90
Patient_30,91
Patient_30,92
Patient_30,93
Patient_30,94
Patient_30,95
Patient_30,96
Patient_30,97
Patient_30,98
Patient_30,99
Patient_30,100
Patient_30,101
Patient_30,102
Patient_30,103
Patient_30,104
Patient_30,105
Patient_30,106
Patient_30,107
Patient_30,108
Patient_30,109
Patient_30,110
Patient_30,111
Patient_30,112
Patient_30,113
Patient_30,114
Patient_30,115
Patient_30,116
Patient_30,117
Patient_30,118
Patient_30,119
Patient_30,120
Patient_30,121
Patient_30,122
Patient_30,123
Patient_30,124
Patient_30,125
Patient_30,126
Patient_30,127
Patient_30,128
Patient_30,129
Patient_30,130
Patient_30,131
Patient_30,132
Patient_30,133
Patient_30,134
Patient_30,135
Patient_30,136
Patient_30,137
Patient_30,138
Patient_30,139
Patient_30,140
Patient_30,141
Patient_30,142
Patient_30,143
Patient_30,144
Patient_30,145
Patient_30,146
Patient_30,147
Patient_30,148
Patient_30,149
Patient_30,150
Patient_30,151
Patient_30,152
Patient_30,153
Patient_30,154
Patient_30,155
Patient_30,156
Patient_30,157
Patient_30,158
Patient_30,159
Patient_30,160
Patient_30,161
Patient_30,162
Patient_30,163
Patient_30,164
Patient_30,165
Patient_30,166
Patient_30,167
Patient_30,168
Patient_30,169
Patient_30,170
